asientocontableid,cuentaid,cuenta,codigocuenta,descripcioncuenta,fechamovimiento,tipoasiento,numero_asiento,secuencia,glosa,sucursal,centrocosto,rutcontraparte,contraparte,descripciondetalle,numerodocumento,tipodocumento,tipomovimiento,fechadocumento,debe,haber,saldofinal,movimientocontableid
,40025633,1101-01 CUENTA CAJA,1101-01,CUENTA CAJA,,,,,Acumulado Anterior,,,,,,,,,,108419473.0000,308840.0000,108110633.0000,
129823286,40025633,1101-01 CUENTA CAJA,1101-01,CUENTA CAJA,2026-08-03T00:00:00.000Z,Egreso,2187,2,Of pago contratista,,,,,,,,,,3317270.0000,0,111427903.0000,476282191
129801174,40025633,1101-01 CUENTA CAJA,1101-01,CUENTA CAJA,2026-08-10T00:00:00.000Z,Egreso,2179,2,Pago contratista,,,,,,,,,,3307960.0000,0,114735863.0000,476202169
129723260,40025633,1101-01 CUENTA CAJA,1101-01,CUENTA CAJA,2026-08-17T00:00:00.000Z,Egreso,2169,2,Pago contratista,,,,,,,,,,3739903.0000,0,118475766.0000,475933304
129723311,40025633,1101-01 CUENTA CAJA,1101-01,CUENTA CAJA,2026-08-17T00:00:00.000Z,Egreso,2170,2,Pago contratista,,,,,,,,,,2722750.0000,0,121198516.0000,475936140
129721042,40025633,1101-01 CUENTA CAJA,1101-01,CUENTA CAJA,2026-08-24T00:00:00.000Z,Egreso,2166,2,Pago contratista,,,,,,,,,,2858240.0000,0,124056756.0000,475926376
129545559,40025633,1101-01 CUENTA CAJA,1101-01,CUENTA CAJA,2026-08-31T00:00:00.000Z,Egreso,2154,2,Mary perez flores,,,,,,,,,,2900833.0000,0,126957589.0000,475368144
,40026204,1101-29 BANCO BCI,1101-29,BANCO BCI,,,,,Acumulado Anterior,,,,,,,,,,1370936312.0000,1315874762.0000,55061550.0000,
129544864,40026204,1101-29 BANCO BCI,1101-29,BANCO BCI,2026-08-03T00:00:00.000Z,Egreso,2151,2,Of centra,,,,,,,,,,0,2344300.0000,52717250.0000,475365671
129823152,40026204,1101-29 BANCO BCI,1101-29,BANCO BCI,2026-08-03T00:00:00.000Z,Egreso,2185,1,Buin impuesto linea de sobregiro,,,,,,,,,,0,1320.0000,52715930.0000,476281775
129823286,40026204,1101-29 BANCO BCI,1101-29,BANCO BCI,2026-08-03T00:00:00.000Z,Egreso,2187,1,Of pago contratista,,,,,,,,,,0,3317270.0000,49398660.0000,476282190
129823425,40026204,1101-29 BANCO BCI,1101-29,BANCO BCI,2026-08-03T00:00:00.000Z,Egreso,2188,1,Pago remuneraciones,,,,,,,,,,0,12935888.0000,36462772.0000,476282559
129544847,40026204,1101-29 BANCO BCI,1101-29,BANCO BCI,2026-08-04T00:00:00.000Z,Egreso,2149,2,Of centra,,,,,,,,,,0,481823.0000,35980949.0000,475365633
129544857,40026204,1101-29 BANCO BCI,1101-29,BANCO BCI,2026-08-04T00:00:00.000Z,Egreso,2150,2,Of centra,,,,,,,,,,0,1368500.0000,34612449.0000,475365654
129823241,40026204,1101-29 BANCO BCI,1101-29,BANCO BCI,2026-08-04T00:00:00.000Z,Egreso,2186,1,Of centra cheque cobrado por caja,,,,,,,,,,0,1029482.0000,33582967.0000,476282055
129544788,40026204,1101-29 BANCO BCI,1101-29,BANCO BCI,2026-08-05T00:00:00.000Z,Egreso,2146,2,Ugca aut merpago*mercadoli 62148,,,,,,,,,,0,109900.0000,33473067.0000,475365461
129544821,40026204,1101-29 BANCO BCI,1101-29,BANCO BCI,2026-08-05T00:00:00.000Z,Egreso,2147,2,Of centra,,,,,,,,,,0,571200.0000,32901867.0000,475365568
129544837,40026204,1101-29 BANCO BCI,1101-29,BANCO BCI,2026-08-05T00:00:00.000Z,Egreso,2148,2,Of centra,,,,,,,,,,0,291050.0000,32610817.0000,475365610
129822839,40026204,1101-29 BANCO BCI,1101-29,BANCO BCI,2026-08-05T00:00:00.000Z,Egreso,2182,1,Buin pago credito d03100050906 003/021,,,,,,,,,,0,5627162.0000,26983655.0000,476280680
129822996,40026204,1101-29 BANCO BCI,1101-29,BANCO BCI,2026-08-05T00:00:00.000Z,Egreso,2183,2,Of centra,,,,,,,,,,0,143419.0000,26840236.0000,476281233
129823125,40026204,1101-29 BANCO BCI,1101-29,BANCO BCI,2026-08-05T00:00:00.000Z,Egreso,2184,1,Of centra pac tarjeta de credito visa,,,,,,,,,,0,1823500.0000,25016736.0000,476281613
129822931,40026204,1101-29 BANCO BCI,1101-29,BANCO BCI,2026-08-05T00:00:00.000Z,Ingreso,874,3,Of virt u,,,,,,,,,,771120.0000,0,25787856.0000,476280942
129544763,40026204,1101-29 BANCO BCI,1101-29,BANCO BCI,2026-08-06T00:00:00.000Z,Egreso,2145,2,Of virt u pac reale chile,,,,,,,,,,0,125015.0000,25662841.0000,475365386
129801285,40026204,1101-29 BANCO BCI,1101-29,BANCO BCI,2026-08-07T00:00:00.000Z,Egreso,2181,1,Pago credito d03109020109 038/060,,,,,,,,,,0,3523709.0000,22139132.0000,476202526
129801299,40026204,1101-29 BANCO BCI,1101-29,BANCO BCI,2026-08-07T00:00:00.000Z,Ingreso,872,7,Of virt u,,,,,,,,,,2149378.0000,0,24288510.0000,476202598
129802060,40026204,1101-29 BANCO BCI,1101-29,BANCO BCI,2026-08-07T00:00:00.000Z,Ingreso,873,1,Ingreso cencosud retail s.a.,,,,,,,,,,61258870.0000,0,85547380.0000,476205680
129544743,40026204,1101-29 BANCO BCI,1101-29,BANCO BCI,2026-08-10T00:00:00.000Z,Egreso,2143,2,Of centra,,,,,,,,,,0,107100.0000,85440280.0000,475365313
129544751,40026204,1101-29 BANCO BCI,1101-29,BANCO BCI,2026-08-10T00:00:00.000Z,Egreso,2144,2,Of centra,,,,,,,,,,0,1874250.0000,83566030.0000,475365335
129801169,40026204,1101-29 BANCO BCI,1101-29,BANCO BCI,2026-08-10T00:00:00.000Z,Egreso,2178,1,Crisse acevedo rios,,,,,,,,,,0,192901.0000,83373129.0000,476202158
129801174,40026204,1101-29 BANCO BCI,1101-29,BANCO BCI,2026-08-10T00:00:00.000Z,Egreso,2179,1,Pago contratista,,,,,,,,,,0,3307960.0000,80065169.0000,476202168
129801177,40026204,1101-29 BANCO BCI,1101-29,BANCO BCI,2026-08-10T00:00:00.000Z,Egreso,2180,1,Crisse evelyn acevedo rios,,,,,,,,,,0,525920.0000,79539249.0000,476202174
129801009,40026204,1101-29 BANCO BCI,1101-29,BANCO BCI,2026-08-11T00:00:00.000Z,Egreso,2176,1,Pago f29 julio,,,,,,,,,,0,38059366.0000,41479883.0000,476201412
129801096,40026204,1101-29 BANCO BCI,1101-29,BANCO BCI,2026-08-11T00:00:00.000Z,Egreso,2177,1,Pago previred julio,,,,,,,,,,0,2595682.0000,38884201.0000,476201743
129825821,40026204,1101-29 BANCO BCI,1101-29,BANCO BCI,2026-08-11T00:00:00.000Z,Egreso,2190,1,Of centra,,,,,,,,,,0,113240.0000,38770961.0000,476290510
129544719,40026204,1101-29 BANCO BCI,1101-29,BANCO BCI,2026-08-11T00:00:00.000Z,Ingreso,862,2,Of centra transfer de savia,,,,,,,,,,571200.0000,0,39342161.0000,475365236
129544479,40026204,1101-29 BANCO BCI,1101-29,BANCO BCI,2026-08-12T00:00:00.000Z,Egreso,2142,2,Ugca aut las brujas de tal 805554,,,,,,,,,,0,612505.0000,38729656.0000,475364532
129800978,40026204,1101-29 BANCO BCI,1101-29,BANCO BCI,2026-08-12T00:00:00.000Z,Egreso,2175,1,Of centra pago cuentas via internet,,,,,,,,,,0,246085.0000,38483571.0000,476201232
129544531,40026204,1101-29 BANCO BCI,1101-29,BANCO BCI,2026-08-12T00:00:00.000Z,Ingreso,861,2,Of centra transfer de savia,,,,,,,,,,142800.0000,0,38626371.0000,475364684
129800945,40026204,1101-29 BANCO BCI,1101-29,BANCO BCI,2026-08-12T00:00:00.000Z,Ingreso,871,4,Of virt u,,,,,,,,,,912968.0000,0,39539339.0000,476201109
129544439,40026204,1101-29 BANCO BCI,1101-29,BANCO BCI,2026-08-13T00:00:00.000Z,Egreso,2140,1,Of centra,,,,,,,,,,0,2000000.0000,37539339.0000,475364394
129544447,40026204,1101-29 BANCO BCI,1101-29,BANCO BCI,2026-08-13T00:00:00.000Z,Egreso,2141,2,Of centra,,,,,,,,,,0,202300.0000,37337039.0000,475364429
129724270,40026204,1101-29 BANCO BCI,1101-29,BANCO BCI,2026-08-14T00:00:00.000Z,Ingreso,869,10,Of virt u,,,,,,,,,,5250280.0000,0,42587319.0000,475939016
129726697,40026204,1101-29 BANCO BCI,1101-29,BANCO BCI,2026-08-14T00:00:00.000Z,Ingreso,870,1,Buin deposito cheque/documento,,,,,,,,,,53989937.0000,0,96577256.0000,475946848
129543970,40026204,1101-29 BANCO BCI,1101-29,BANCO BCI,2026-08-17T00:00:00.000Z,Egreso,2138,2,Of centra,,,,,,,,,,0,207500.0000,96369756.0000,475363129
129544034,40026204,1101-29 BANCO BCI,1101-29,BANCO BCI,2026-08-17T00:00:00.000Z,Egreso,2139,2,Of centra,,,,,,,,,,0,6297787.0000,90071969.0000,475363343
129723260,40026204,1101-29 BANCO BCI,1101-29,BANCO BCI,2026-08-17T00:00:00.000Z,Egreso,2169,1,Pago contratista,,,,,,,,,,0,3739903.0000,86332066.0000,475933303
129723311,40026204,1101-29 BANCO BCI,1101-29,BANCO BCI,2026-08-17T00:00:00.000Z,Egreso,2170,1,Pago contratista,,,,,,,,,,0,2722750.0000,83609316.0000,475936139
129723796,40026204,1101-29 BANCO BCI,1101-29,BANCO BCI,2026-08-17T00:00:00.000Z,Egreso,2171,1,Anticipos agosto,,,,,,,,,,0,1100000.0000,82509316.0000,475937471
129724165,40026204,1101-29 BANCO BCI,1101-29,BANCO BCI,2026-08-17T00:00:00.000Z,Egreso,2172,1,Sociedad acevedo y rios ltda,,,,,,,,,,0,20000000.0000,62509316.0000,475938473
129543892,40026204,1101-29 BANCO BCI,1101-29,BANCO BCI,2026-08-18T00:00:00.000Z,Egreso,2137,2,Of centra,,,,,,,,,,0,23800.0000,62485516.0000,475362858
129723002,40026204,1101-29 BANCO BCI,1101-29,BANCO BCI,2026-08-18T00:00:00.000Z,Egreso,2168,2,Of centra,,,,,,,,,,0,2473950.0000,60011566.0000,475932496
129800917,40026204,1101-29 BANCO BCI,1101-29,BANCO BCI,2026-08-18T00:00:00.000Z,Egreso,2173,1,Of virt u pac hdi seguros sa,,,,,,,,,,0,103733.0000,59907833.0000,476201027
129800919,40026204,1101-29 BANCO BCI,1101-29,BANCO BCI,2026-08-18T00:00:00.000Z,Egreso,2174,1,Of virt u pac hdi seguros sa,,,,,,,,,,0,165212.0000,59742621.0000,476201031
129543826,40026204,1101-29 BANCO BCI,1101-29,BANCO BCI,2026-08-19T00:00:00.000Z,Egreso,2135,2,Of virt u pac bci seguros gene,,,,,,,,,,0,2451.0000,59740170.0000,475362632
129543847,40026204,1101-29 BANCO BCI,1101-29,BANCO BCI,2026-08-19T00:00:00.000Z,Egreso,2136,2,Of centra,,,,,,,,,,0,823549.0000,58916621.0000,475362699
129722751,40026204,1101-29 BANCO BCI,1101-29,BANCO BCI,2026-08-19T00:00:00.000Z,Ingreso,868,6,Of virt u,,,,,,,,,,2833390.0000,0,61750011.0000,475931597
129543702,40026204,1101-29 BANCO BCI,1101-29,BANCO BCI,2026-08-20T00:00:00.000Z,Egreso,2134,2,Of centra,,,,,,,,,,0,203225.0000,61546786.0000,475362247
129825645,40026204,1101-29 BANCO BCI,1101-29,BANCO BCI,2026-08-20T00:00:00.000Z,Egreso,2189,1,Of centra,,,,,,,,,,0,161721.0000,61385065.0000,476289895
129543491,40026204,1101-29 BANCO BCI,1101-29,BANCO BCI,2026-08-21T00:00:00.000Z,Egreso,2132,2,Of centra,,,,,,,,,,0,1081853.0000,60303212.0000,475361600
129543520,40026204,1101-29 BANCO BCI,1101-29,BANCO BCI,2026-08-21T00:00:00.000Z,Egreso,2133,2,Of centra,,,,,,,,,,0,173521.0000,60129691.0000,475361689
129721665,40026204,1101-29 BANCO BCI,1101-29,BANCO BCI,2026-08-21T00:00:00.000Z,Ingreso,866,12,Of virt u,,,,,,,,,,9496914.0000,0,69626605.0000,475928363
129722480,40026204,1101-29 BANCO BCI,1101-29,BANCO BCI,2026-08-21T00:00:00.000Z,Ingreso,867,1,Buin deposito cheque/documento,,,,,,,,,,55973937.0000,0,125600542.0000,475930833
129542433,40026204,1101-29 BANCO BCI,1101-29,BANCO BCI,2026-08-24T00:00:00.000Z,Egreso,2127,2,Of centra,,,,,,,,,,0,2189600.0000,123410942.0000,475358885
129542784,40026204,1101-29 BANCO BCI,1101-29,BANCO BCI,2026-08-24T00:00:00.000Z,Egreso,2128,2,Of centra,,,,,,,,,,0,120000.0000,123290942.0000,475359616
129542798,40026204,1101-29 BANCO BCI,1101-29,BANCO BCI,2026-08-24T00:00:00.000Z,Egreso,2129,2,Of centra,,,,,,,,,,0,502600.0000,122788342.0000,475359679
129542945,40026204,1101-29 BANCO BCI,1101-29,BANCO BCI,2026-08-24T00:00:00.000Z,Egreso,2130,2,Of centra,,,,,,,,,,0,557260.0000,122231082.0000,475360069
129543293,40026204,1101-29 BANCO BCI,1101-29,BANCO BCI,2026-08-24T00:00:00.000Z,Egreso,2131,2,Of centra,,,,,,,,,,0,1249500.0000,120981582.0000,475361002
129721042,40026204,1101-29 BANCO BCI,1101-29,BANCO BCI,2026-08-24T00:00:00.000Z,Egreso,2166,1,Pago contratista,,,,,,,,,,0,2858240.0000,118123342.0000,475926375
129721201,40026204,1101-29 BANCO BCI,1101-29,BANCO BCI,2026-08-24T00:00:00.000Z,Egreso,2167,1,Patricia rios asperti,,,,,,,,,,0,1000000.0000,117123342.0000,475926930
129541496,40026204,1101-29 BANCO BCI,1101-29,BANCO BCI,2026-08-25T00:00:00.000Z,Egreso,2124,2,Of centra,,,,,,,,,,0,612968.0000,116510374.0000,475356626
129541793,40026204,1101-29 BANCO BCI,1101-29,BANCO BCI,2026-08-25T00:00:00.000Z,Egreso,2125,2,Of centra pago cuentas via internet,,,,,,,,,,0,42596.0000,116467778.0000,475357318
129541955,40026204,1101-29 BANCO BCI,1101-29,BANCO BCI,2026-08-25T00:00:00.000Z,Egreso,2126,2,Of centra,,,,,,,,,,0,197740.0000,116270038.0000,475357905
129634396,40026204,1101-29 BANCO BCI,1101-29,BANCO BCI,2026-08-25T00:00:00.000Z,Egreso,2163,1,Luz patricia de empresa,,,,,,,,,,0,1100.0000,116268938.0000,475666780
129720659,40026204,1101-29 BANCO BCI,1101-29,BANCO BCI,2026-08-25T00:00:00.000Z,Egreso,2164,4,Of centra pago cuentas via internet,,,,,,,,,,0,116224.0000,116152714.0000,475924818
129720988,40026204,1101-29 BANCO BCI,1101-29,BANCO BCI,2026-08-25T00:00:00.000Z,Egreso,2165,1,Patricia rios asperti,,,,,,,,,,0,500000.0000,115652714.0000,475926112
129541481,40026204,1101-29 BANCO BCI,1101-29,BANCO BCI,2026-08-26T00:00:00.000Z,Egreso,2123,2,Of virt u pac bci seguros gene,,,,,,,,,,0,195748.0000,115456966.0000,475356529
129634366,40026204,1101-29 BANCO BCI,1101-29,BANCO BCI,2026-08-26T00:00:00.000Z,Egreso,2162,1,Pago f 1735 transportes san benito de palermo spa,,,,,,,,,,0,79990.0000,115376976.0000,475666644
129634123,40026204,1101-29 BANCO BCI,1101-29,BANCO BCI,2026-08-26T00:00:00.000Z,Ingreso,865,3,Of virt u,,,,,,,,,,1373736.0000,0,116750712.0000,475665785
129541470,40026204,1101-29 BANCO BCI,1101-29,BANCO BCI,2026-08-27T00:00:00.000Z,Egreso,2122,2,Of centra,,,,,,,,,,0,83300.0000,116667412.0000,475356477
129546586,40026204,1101-29 BANCO BCI,1101-29,BANCO BCI,2026-08-28T00:00:00.000Z,Egreso,2155,2,Of centra pago cuentas via internet,,,,,,,,,,0,3081400.0000,113586012.0000,475371456
129546614,40026204,1101-29 BANCO BCI,1101-29,BANCO BCI,2026-08-28T00:00:00.000Z,Egreso,2156,3,Of centra pago cuentas via internet,,,,,,,,,,0,516956.0000,113069056.0000,475371572
129632496,40026204,1101-29 BANCO BCI,1101-29,BANCO BCI,2026-08-28T00:00:00.000Z,Egreso,2157,2,Of centra,,,,,,,,,,0,6304784.0000,106764272.0000,475659756
129632737,40026204,1101-29 BANCO BCI,1101-29,BANCO BCI,2026-08-28T00:00:00.000Z,Egreso,2158,2,Of centra,,,,,,,,,,0,7000000.0000,99764272.0000,475660497
129633462,40026204,1101-29 BANCO BCI,1101-29,BANCO BCI,2026-08-28T00:00:00.000Z,Egreso,2160,1,Entel hogar - telefonía fija,,,,,,,,,,0,8990.0000,99755282.0000,475663093
129633649,40026204,1101-29 BANCO BCI,1101-29,BANCO BCI,2026-08-28T00:00:00.000Z,Egreso,2161,1,Autopista vespucio norte,,,,,,,,,,0,192220.0000,99563062.0000,475663613
129573099,40026204,1101-29 BANCO BCI,1101-29,BANCO BCI,2026-08-28T00:00:00.000Z,Ingreso,863,7,Of virt u,,,,,,,,,,4833423.0000,0,104396485.0000,475456942
129632214,40026204,1101-29 BANCO BCI,1101-29,BANCO BCI,2026-08-28T00:00:00.000Z,Ingreso,864,1,Ingresos cencosud retail s.a. 28-08-2026,,,,,,,,,,56855244.0000,0,161251729.0000,475657313
129541240,40026204,1101-29 BANCO BCI,1101-29,BANCO BCI,2026-08-31T00:00:00.000Z,Egreso,2114,2,Of centra,,,,,,,,,,0,1170960.0000,160080769.0000,475355651
129541255,40026204,1101-29 BANCO BCI,1101-29,BANCO BCI,2026-08-31T00:00:00.000Z,Egreso,2115,2,Of centra,,,,,,,,,,0,6164200.0000,153916569.0000,475355711
129541310,40026204,1101-29 BANCO BCI,1101-29,BANCO BCI,2026-08-31T00:00:00.000Z,Egreso,2116,2,Of centra,,,,,,,,,,0,600000.0000,153316569.0000,475355873
129541340,40026204,1101-29 BANCO BCI,1101-29,BANCO BCI,2026-08-31T00:00:00.000Z,Egreso,2117,2,Of centra,,,,,,,,,,0,408730.0000,152907839.0000,475356013
129541375,40026204,1101-29 BANCO BCI,1101-29,BANCO BCI,2026-08-31T00:00:00.000Z,Egreso,2118,2,Of centra,,,,,,,,,,0,23491.0000,152884348.0000,475356130
129541387,40026204,1101-29 BANCO BCI,1101-29,BANCO BCI,2026-08-31T00:00:00.000Z,Egreso,2119,2,Of centra,,,,,,,,,,0,97211.0000,152787137.0000,475356191
129541410,40026204,1101-29 BANCO BCI,1101-29,BANCO BCI,2026-08-31T00:00:00.000Z,Egreso,2120,2,Of centra,,,,,,,,,,0,699720.0000,152087417.0000,475356272
129541432,40026204,1101-29 BANCO BCI,1101-29,BANCO BCI,2026-08-31T00:00:00.000Z,Egreso,2121,2,Of centra,,,,,,,,,,0,545924.0000,151541493.0000,475356394
129545343,40026204,1101-29 BANCO BCI,1101-29,BANCO BCI,2026-08-31T00:00:00.000Z,Egreso,2152,1,Boleta 37894 cliente 172 agua,,,,,,,,,,0,413780.0000,151127713.0000,475367420
129545539,40026204,1101-29 BANCO BCI,1101-29,BANCO BCI,2026-08-31T00:00:00.000Z,Egreso,2153,1,Patricia rios asperti,,,,,,,,,,0,500000.0000,150627713.0000,475368040
129545559,40026204,1101-29 BANCO BCI,1101-29,BANCO BCI,2026-08-31T00:00:00.000Z,Egreso,2154,1,Mary perez flores,,,,,,,,,,0,2900833.0000,147726880.0000,475368143
129632751,40026204,1101-29 BANCO BCI,1101-29,BANCO BCI,2026-08-31T00:00:00.000Z,Egreso,2159,1,Cuota 8 finiquito,,,,,,,,,,0,2500000.0000,145226880.0000,475660551
,40025640,1104-01 DEUDORES CLIENTES,1104-01,DEUDORES CLIENTES,,,,,Acumulado Anterior,,,,,,,,,,1657164070.0000,1413454853.0000,243709217.0000,
129822931,40025640,1104-01 DEUDORES CLIENTES,1104-01,DEUDORES CLIENTES,2026-08-05T00:00:00.000Z,Ingreso,874,1,Of virt u,,,,,,,,,,0,385560.0000,243323657.0000,476280936
129822931,40025640,1104-01 DEUDORES CLIENTES,1104-01,DEUDORES CLIENTES,2026-08-05T00:00:00.000Z,Ingreso,874,2,Of virt u,,,,,,,,,,0,385560.0000,242938097.0000,476280941
129801299,40025640,1104-01 DEUDORES CLIENTES,1104-01,DEUDORES CLIENTES,2026-08-07T00:00:00.000Z,Ingreso,872,1,Of virt u,,,,,,,,,,0,385560.0000,242552537.0000,476202592
129801299,40025640,1104-01 DEUDORES CLIENTES,1104-01,DEUDORES CLIENTES,2026-08-07T00:00:00.000Z,Ingreso,872,2,Of virt u,,,,,,,,,,0,385560.0000,242166977.0000,476202593
129801299,40025640,1104-01 DEUDORES CLIENTES,1104-01,DEUDORES CLIENTES,2026-08-07T00:00:00.000Z,Ingreso,872,3,Of virt u,,,,,,,,,,0,214914.0000,241952063.0000,476202594
129801299,40025640,1104-01 DEUDORES CLIENTES,1104-01,DEUDORES CLIENTES,2026-08-07T00:00:00.000Z,Ingreso,872,4,Of virt u,,,,,,,,,,0,385560.0000,241566503.0000,476202595
129801299,40025640,1104-01 DEUDORES CLIENTES,1104-01,DEUDORES CLIENTES,2026-08-07T00:00:00.000Z,Ingreso,872,5,Of virt u,,,,,,,,,,0,392224.0000,241174279.0000,476202596
129801299,40025640,1104-01 DEUDORES CLIENTES,1104-01,DEUDORES CLIENTES,2026-08-07T00:00:00.000Z,Ingreso,872,6,Of virt u,,,,,,,,,,0,385560.0000,240788719.0000,476202597
129802060,40025640,1104-01 DEUDORES CLIENTES,1104-01,DEUDORES CLIENTES,2026-08-07T00:00:00.000Z,Ingreso,873,2,Ingreso cencosud retail s.a.,,,,,,,,,,0,72138492.0000,168650227.0000,476205681
129544719,40025640,1104-01 DEUDORES CLIENTES,1104-01,DEUDORES CLIENTES,2026-08-11T00:00:00.000Z,Ingreso,862,1,Of centra transfer de savia,,,,,,,,,,0,571200.0000,168079027.0000,475365235
129544531,40025640,1104-01 DEUDORES CLIENTES,1104-01,DEUDORES CLIENTES,2026-08-12T00:00:00.000Z,Ingreso,861,1,Of centra transfer de savia,,,,,,,,,,0,142800.0000,167936227.0000,475364681
129800945,40025640,1104-01 DEUDORES CLIENTES,1104-01,DEUDORES CLIENTES,2026-08-12T00:00:00.000Z,Ingreso,871,1,Of virt u,,,,,,,,,,0,385560.0000,167550667.0000,476201106
129800945,40025640,1104-01 DEUDORES CLIENTES,1104-01,DEUDORES CLIENTES,2026-08-12T00:00:00.000Z,Ingreso,871,2,Of virt u,,,,,,,,,,0,141848.0000,167408819.0000,476201107
129800945,40025640,1104-01 DEUDORES CLIENTES,1104-01,DEUDORES CLIENTES,2026-08-12T00:00:00.000Z,Ingreso,871,3,Of virt u,,,,,,,,,,0,385560.0000,167023259.0000,476201108
129724270,40025640,1104-01 DEUDORES CLIENTES,1104-01,DEUDORES CLIENTES,2026-08-14T00:00:00.000Z,Ingreso,869,1,Of virt u,,,,,,,,,,0,385560.0000,166637699.0000,475939007
129724270,40025640,1104-01 DEUDORES CLIENTES,1104-01,DEUDORES CLIENTES,2026-08-14T00:00:00.000Z,Ingreso,869,2,Of virt u,,,,,,,,,,0,374493.0000,166263206.0000,475939008
129724270,40025640,1104-01 DEUDORES CLIENTES,1104-01,DEUDORES CLIENTES,2026-08-14T00:00:00.000Z,Ingreso,869,3,Of virt u,,,,,,,,,,0,385560.0000,165877646.0000,475939009
129724270,40025640,1104-01 DEUDORES CLIENTES,1104-01,DEUDORES CLIENTES,2026-08-14T00:00:00.000Z,Ingreso,869,4,Of virt u,,,,,,,,,,0,385560.0000,165492086.0000,475939010
129724270,40025640,1104-01 DEUDORES CLIENTES,1104-01,DEUDORES CLIENTES,2026-08-14T00:00:00.000Z,Ingreso,869,5,Of virt u,,,,,,,,,,0,374493.0000,165117593.0000,475939011
129724270,40025640,1104-01 DEUDORES CLIENTES,1104-01,DEUDORES CLIENTES,2026-08-14T00:00:00.000Z,Ingreso,869,6,Of virt u,,,,,,,,,,0,516341.0000,164601252.0000,475939012
129724270,40025640,1104-01 DEUDORES CLIENTES,1104-01,DEUDORES CLIENTES,2026-08-14T00:00:00.000Z,Ingreso,869,7,Of virt u,,,,,,,,,,0,1713600.0000,162887652.0000,475939013
129724270,40025640,1104-01 DEUDORES CLIENTES,1104-01,DEUDORES CLIENTES,2026-08-14T00:00:00.000Z,Ingreso,869,8,Of virt u,,,,,,,,,,0,385560.0000,162502092.0000,475939014
129724270,40025640,1104-01 DEUDORES CLIENTES,1104-01,DEUDORES CLIENTES,2026-08-14T00:00:00.000Z,Ingreso,869,9,Of virt u,,,,,,,,,,0,729113.0000,161772979.0000,475939015
129726697,40025640,1104-01 DEUDORES CLIENTES,1104-01,DEUDORES CLIENTES,2026-08-14T00:00:00.000Z,Ingreso,870,2,Buin deposito cheque/documento,,,,,,,,,,0,64997346.0000,96775633.0000,475946849
129722751,40025640,1104-01 DEUDORES CLIENTES,1104-01,DEUDORES CLIENTES,2026-08-19T00:00:00.000Z,Ingreso,868,1,Of virt u,,,,,,,,,,0,784448.0000,95991185.0000,475931588
129722751,40025640,1104-01 DEUDORES CLIENTES,1104-01,DEUDORES CLIENTES,2026-08-19T00:00:00.000Z,Ingreso,868,2,Of virt u,,,,,,,,,,0,599760.0000,95391425.0000,475931592
129722751,40025640,1104-01 DEUDORES CLIENTES,1104-01,DEUDORES CLIENTES,2026-08-19T00:00:00.000Z,Ingreso,868,3,Of virt u,,,,,,,,,,0,678062.0000,94713363.0000,475931594
129722751,40025640,1104-01 DEUDORES CLIENTES,1104-01,DEUDORES CLIENTES,2026-08-19T00:00:00.000Z,Ingreso,868,4,Of virt u,,,,,,,,,,0,385560.0000,94327803.0000,475931595
129722751,40025640,1104-01 DEUDORES CLIENTES,1104-01,DEUDORES CLIENTES,2026-08-19T00:00:00.000Z,Ingreso,868,5,Of virt u,,,,,,,,,,0,385560.0000,93942243.0000,475931596
129721665,40025640,1104-01 DEUDORES CLIENTES,1104-01,DEUDORES CLIENTES,2026-08-21T00:00:00.000Z,Ingreso,866,1,Of virt u,,,,,,,,,,0,1028160.0000,92914083.0000,475928352
129721665,40025640,1104-01 DEUDORES CLIENTES,1104-01,DEUDORES CLIENTES,2026-08-21T00:00:00.000Z,Ingreso,866,2,Of virt u,,,,,,,,,,0,356762.0000,92557321.0000,475928353
129721665,40025640,1104-01 DEUDORES CLIENTES,1104-01,DEUDORES CLIENTES,2026-08-21T00:00:00.000Z,Ingreso,866,3,Of virt u,,,,,,,,,,0,385560.0000,92171761.0000,475928354
129721665,40025640,1104-01 DEUDORES CLIENTES,1104-01,DEUDORES CLIENTES,2026-08-21T00:00:00.000Z,Ingreso,866,4,Of virt u,,,,,,,,,,0,941885.0000,91229876.0000,475928355
129721665,40025640,1104-01 DEUDORES CLIENTES,1104-01,DEUDORES CLIENTES,2026-08-21T00:00:00.000Z,Ingreso,866,5,Of virt u,,,,,,,,,,0,385560.0000,90844316.0000,475928356
129721665,40025640,1104-01 DEUDORES CLIENTES,1104-01,DEUDORES CLIENTES,2026-08-21T00:00:00.000Z,Ingreso,866,6,Of virt u,,,,,,,,,,0,385560.0000,90458756.0000,475928357
129721665,40025640,1104-01 DEUDORES CLIENTES,1104-01,DEUDORES CLIENTES,2026-08-21T00:00:00.000Z,Ingreso,866,7,Of virt u,,,,,,,,,,0,3868452.0000,86590304.0000,475928358
129721665,40025640,1104-01 DEUDORES CLIENTES,1104-01,DEUDORES CLIENTES,2026-08-21T00:00:00.000Z,Ingreso,866,8,Of virt u,,,,,,,,,,0,374493.0000,86215811.0000,475928359
129721665,40025640,1104-01 DEUDORES CLIENTES,1104-01,DEUDORES CLIENTES,2026-08-21T00:00:00.000Z,Ingreso,866,9,Of virt u,,,,,,,,,,0,1028160.0000,85187651.0000,475928360
129721665,40025640,1104-01 DEUDORES CLIENTES,1104-01,DEUDORES CLIENTES,2026-08-21T00:00:00.000Z,Ingreso,866,10,Of virt u,,,,,,,,,,0,356762.0000,84830889.0000,475928361
129721665,40025640,1104-01 DEUDORES CLIENTES,1104-01,DEUDORES CLIENTES,2026-08-21T00:00:00.000Z,Ingreso,866,11,Of virt u,,,,,,,,,,0,385560.0000,84445329.0000,475928362
129722480,40025640,1104-01 DEUDORES CLIENTES,1104-01,DEUDORES CLIENTES,2026-08-21T00:00:00.000Z,Ingreso,867,2,Buin deposito cheque/documento,,,,,,,,,,0,63587555.0000,20857774.0000,475930834
129634123,40025640,1104-01 DEUDORES CLIENTES,1104-01,DEUDORES CLIENTES,2026-08-26T00:00:00.000Z,Ingreso,865,1,Of virt u,,,,,,,,,,0,686868.0000,20170906.0000,475665783
129634123,40025640,1104-01 DEUDORES CLIENTES,1104-01,DEUDORES CLIENTES,2026-08-26T00:00:00.000Z,Ingreso,865,2,Of virt u,,,,,,,,,,0,686868.0000,19484038.0000,475665784
129573099,40025640,1104-01 DEUDORES CLIENTES,1104-01,DEUDORES CLIENTES,2026-08-28T00:00:00.000Z,Ingreso,863,1,Of virt u,,,,,,,,,,0,372351.0000,19111687.0000,475456936
129573099,40025640,1104-01 DEUDORES CLIENTES,1104-01,DEUDORES CLIENTES,2026-08-28T00:00:00.000Z,Ingreso,863,2,Of virt u,,,,,,,,,,0,686868.0000,18424819.0000,475456937
129573099,40025640,1104-01 DEUDORES CLIENTES,1104-01,DEUDORES CLIENTES,2026-08-28T00:00:00.000Z,Ingreso,863,3,Of virt u,,,,,,,,,,0,686868.0000,17737951.0000,475456938
129573099,40025640,1104-01 DEUDORES CLIENTES,1104-01,DEUDORES CLIENTES,2026-08-28T00:00:00.000Z,Ingreso,863,4,Of virt u,,,,,,,,,,0,686868.0000,17051083.0000,475456939
129573099,40025640,1104-01 DEUDORES CLIENTES,1104-01,DEUDORES CLIENTES,2026-08-28T00:00:00.000Z,Ingreso,863,5,Of virt u,,,,,,,,,,0,1713600.0000,15337483.0000,475456940
129573099,40025640,1104-01 DEUDORES CLIENTES,1104-01,DEUDORES CLIENTES,2026-08-28T00:00:00.000Z,Ingreso,863,6,Of virt u,,,,,,,,,,0,686868.0000,14650615.0000,475456941
129632214,40025640,1104-01 DEUDORES CLIENTES,1104-01,DEUDORES CLIENTES,2026-08-28T00:00:00.000Z,Ingreso,864,2,Ingresos cencosud retail s.a. 28-08-2026,,,,,,,,,,0,61544804.0000,-46894189.0000,475657314
130124484,40025640,1104-01 DEUDORES CLIENTES,1104-01,DEUDORES CLIENTES,2026-08-31T00:00:00.000Z,Traspaso,286,2,Centralización ventas agosto 2026  - valor total,,,,,,,,,,292252484.0000,0,245358295.0000,477383934
130124484,40025640,1104-01 DEUDORES CLIENTES,1104-01,DEUDORES CLIENTES,2026-08-31T00:00:00.000Z,Traspaso,286,8,Centralización ventas agosto 2026  - valor total,,,,,,,,,,0,20896118.0000,224462177.0000,477384808
,40026540,1104-14 RETENCIÓN FACTORING,1104-14,RETENCIÓN FACTORING,,,,,Acumulado Anterior,,,,,,,,,,148954994.0000,64377128.0000,84577866.0000,
129632214,40026540,1104-14 RETENCIÓN FACTORING,1104-14,RETENCIÓN FACTORING,2026-08-28T00:00:00.000Z,Ingreso,864,4,Ingresos cencosud retail s.a. 28-08-2026,,,,,,,,,,99477.0000,0,84677343.0000,475657318
,40026919,1105-22 VALE VISTA,1105-22,VALE VISTA,,,,,Acumulado Anterior,,,,,,,,,,5000000.0000,5000000.0000,0.0000,
,40025916,1106-04 ANTICIPO PROVEEDORES,1106-04,ANTICIPO PROVEEDORES,,,,,Acumulado Anterior,,,,,,,,,,53429290.0000,34898513.0000,18530777.0000,
,40025648,1106-05 EMPRESAS RELACIONADAS,1106-05,EMPRESAS RELACIONADAS,,,,,Acumulado Anterior,,,,,,,,,,576938318.0000,0,576938318.0000,
129724165,40025648,1106-05 EMPRESAS RELACIONADAS,1106-05,EMPRESAS RELACIONADAS,2026-08-17T00:00:00.000Z,Egreso,2172,2,Sociedad acevedo y rios ltda,,,,,,,,,,20000000.0000,0,596938318.0000,475938474
,40025950,1106-09 PRESTAMOS TRABAJADORES,1106-09,PRESTAMOS TRABAJADORES,,,,,Acumulado Anterior,,,,,,,,,,1700000.0000,200000.0000,1500000.0000,
,40025975,1106-11 ANTICIPO REMUNERACIONES,1106-11,ANTICIPO REMUNERACIONES,,,,,Acumulado Anterior,,,,,,,,,,6450000.0000,6450000.0000,0.0000,
129723796,40025975,1106-11 ANTICIPO REMUNERACIONES,1106-11,ANTICIPO REMUNERACIONES,2026-08-17T00:00:00.000Z,Egreso,2171,2,Anticipos agosto,,,,,,,,,,1100000.0000,0,1100000.0000,475937472
129774259,40025975,1106-11 ANTICIPO REMUNERACIONES,1106-11,ANTICIPO REMUNERACIONES,2026-08-31T00:00:00.000Z,Traspaso,284,12,Centralizaciones de sueldos 082026,,,,,,,,,,0,1100000.0000,0.0000,476101511
,40025996,1106-15 ASIGNACION FAMILIAR,1106-15,ASIGNACION FAMILIAR,,,,,Acumulado Anterior,,,,,,,,,,238893.0000,214611.0000,24282.0000,
129801096,40025996,1106-15 ASIGNACION FAMILIAR,1106-15,ASIGNACION FAMILIAR,2026-08-11T00:00:00.000Z,Egreso,2177,3,Pago previred julio,,,,,,,,,,0,24282.0000,0.0000,476201745
129774259,40025996,1106-15 ASIGNACION FAMILIAR,1106-15,ASIGNACION FAMILIAR,2026-08-31T00:00:00.000Z,Traspaso,284,11,Centralizaciones de sueldos 082026,,,,,,,,,,22634.0000,0,22634.0000,476101510
,40026200,1106-33 PRESTAMO POR COBRAR SOCIOS,1106-33,PRESTAMO POR COBRAR SOCIOS,,,,,Acumulado Anterior,,,,,,,,,,21033620.0000,0,21033620.0000,
129544439,40026200,1106-33 PRESTAMO POR COBRAR SOCIOS,1106-33,PRESTAMO POR COBRAR SOCIOS,2026-08-13T00:00:00.000Z,Egreso,2140,2,Of centra,,,,,,,,,,2000000.0000,0,23033620.0000,475364395
129721201,40026200,1106-33 PRESTAMO POR COBRAR SOCIOS,1106-33,PRESTAMO POR COBRAR SOCIOS,2026-08-24T00:00:00.000Z,Egreso,2167,2,Patricia rios asperti,,,,,,,,,,1000000.0000,0,24033620.0000,475926931
129720988,40026200,1106-33 PRESTAMO POR COBRAR SOCIOS,1106-33,PRESTAMO POR COBRAR SOCIOS,2026-08-25T00:00:00.000Z,Egreso,2165,2,Patricia rios asperti,,,,,,,,,,500000.0000,0,24533620.0000,475926113
129545539,40026200,1106-33 PRESTAMO POR COBRAR SOCIOS,1106-33,PRESTAMO POR COBRAR SOCIOS,2026-08-31T00:00:00.000Z,Egreso,2153,2,Patricia rios asperti,,,,,,,,,,500000.0000,0,25033620.0000,475368041
,40026458,1106-47 MUTUOS POR COBRAR,1106-47,MUTUOS POR COBRAR,,,,,Acumulado Anterior,,,,,,,,,,159000000.0000,61935263.0000,97064737.0000,
,40026825,1106-68 MATERIA PRIMA PRODUCCION EXTERNA,1106-68,MATERIA PRIMA PRODUCCION EXTERNA,,,,,Acumulado Anterior,,,,,,,,,,265459909.0000,232252929.0000,33206980.0000,
,40026826,1106-69 MATERIA PRIMA PRODUCCION PROPIA,1106-69,MATERIA PRIMA PRODUCCION PROPIA,,,,,Acumulado Anterior,,,,,,,,,,33767172.0000,0,33767172.0000,
,40026832,1106-75 SEMILLAS,1106-75,SEMILLAS,,,,,Acumulado Anterior,,,,,,,,,,4232440.0000,0,4232440.0000,
130124990,40026832,1106-75 SEMILLAS,1106-75,SEMILLAS,2026-08-31T00:00:00.000Z,Traspaso,287,0,Centralización compras agosto 2026 - valor neto,,,,,,,,,,2394000.0000,0,6626440.0000,477385049
,40026940,1106-83 PRODUCCION PACKING,1106-83,PRODUCCION PACKING,,,,,Acumulado Anterior,,,,,,,,,,50435300.0000,50435300.0000,0.0000,
,40026833,1107-02 PLANTACION DE ZAPALLOS,1107-02,PLANTACION DE ZAPALLOS,,,,,Acumulado Anterior,,,,,,,,,,3917146.0000,0,3917146.0000,
,40026921,1107-03 INSUMOS PACKING,1107-03,INSUMOS PACKING,,,,,Acumulado Anterior,,,,,,,,,,106283787.0000,63622851.0000,42660936.0000,
130124990,40026921,1107-03 INSUMOS PACKING,1107-03,INSUMOS PACKING,2026-08-31T00:00:00.000Z,Traspaso,287,0,Centralización compras agosto 2026 - valor neto,,,,,,,,,,22840976.0000,0,65501912.0000,477385033
130129219,40026921,1107-03 INSUMOS PACKING,1107-03,INSUMOS PACKING,2026-08-31T00:00:00.000Z,Traspaso,288,1,Provisiones agosto,,,,,,,,,,3053248.0000,0,68555160.0000,477401523
,40025653,1108-01 PAGOS PROVISIONALES,1108-01,PAGOS PROVISIONALES,,,,,Acumulado Anterior,,,,,,,,,,6265142.0000,3457954.0000,2807188.0000,
,40025654,1108-02 IVA CREDITO FISCAL,1108-02,IVA CREDITO FISCAL,,,,,Acumulado Anterior,,,,,,,,,,105662313.0000,105662313.0000,0.0000,
130124990,40025654,1108-02 IVA CREDITO FISCAL,1108-02,IVA CREDITO FISCAL,2026-08-31T00:00:00.000Z,Traspaso,287,0,Centralización compras agosto 2026 - iva crédito fiscal,,,,,,,,,,17070126.0000,0,17070126.0000,477385371
130124990,40025654,1108-02 IVA CREDITO FISCAL,1108-02,IVA CREDITO FISCAL,2026-08-31T00:00:00.000Z,Traspaso,287,3,Centralización compras agosto 2026 - iva crédito fiscal,,,,,,,,,,0,27705.0000,17042421.0000,477385398
,40025976,1108-07 IMPUESTOS POR RECUPERAR,1108-07,IMPUESTOS POR RECUPERAR,,,,,Acumulado Anterior,,,,,,,,,,4484728.0000,0,4484728.0000,
,40026807,1110-12 PROYECTO EN CURSO PACKING,1110-12,PROYECTO EN CURSO PACKING,,,,,Acumulado Anterior,,,,,,,,,,6200000.0000,0,6200000.0000,
,40026823,1110-13 PALLETS,1110-13,PALLETS,,,,,Acumulado Anterior,,,,,,,,,,10917000.0000,0,10917000.0000,
130124990,40026823,1110-13 PALLETS,1110-13,PALLETS,2026-08-31T00:00:00.000Z,Traspaso,287,0,Centralización compras agosto 2026 - valor neto,,,,,,,,,,484000.0000,0,11401000.0000,477385005
,40025671,1111-01 RETIRO SOCIOS,1111-01,RETIRO SOCIOS,,,,,Acumulado Anterior,,,,,,,,,,5000000.0000,0,5000000.0000,
,40025685,1202-01 BIENES RAICES,1202-01,BIENES RAICES,,,,,Acumulado Anterior,,,,,,,,,,100000000.0000,0,100000000.0000,
,40026663,1203-04 MAQUINA HIDROLAVADORA,1203-04,MAQUINA HIDROLAVADORA,,,,,Acumulado Anterior,,,,,,,,,,169722.0000,0,169722.0000,
,40025687,1204-01 VEHICULOS,1204-01,VEHICULOS,,,,,Acumulado Anterior,,,,,,,,,,240733360.0000,0,240733360.0000,
,40025689,1205-01 MAQUINARIAS,1205-01,MAQUINARIAS,,,,,Acumulado Anterior,,,,,,,,,,119622708.0000,0,119622708.0000,
,40026005,1205-03 EQUIPOS COMPUTACIONALES,1205-03,EQUIPOS COMPUTACIONALES,,,,,Acumulado Anterior,,,,,,,,,,1808283.0000,0,1808283.0000,
,40026696,1205-15 CAMARAS DE SEGURIDAD,1205-15,CAMARAS DE SEGURIDAD,,,,,Acumulado Anterior,,,,,,,,,,390200.0000,0,390200.0000,
130124990,40026696,1205-15 CAMARAS DE SEGURIDAD,1205-15,CAMARAS DE SEGURIDAD,2026-08-31T00:00:00.000Z,Traspaso,287,0,Centralización compras agosto 2026 - valor neto,,,,,,,,,,124100.0000,0,514300.0000,477385023
,40026812,1205-21 IMPRESORAS,1205-21,IMPRESORAS,,,,,Acumulado Anterior,,,,,,,,,,163848.0000,0,163848.0000,
,40026834,1205-22 SELLADORA AUTOMATICA,1205-22,SELLADORA AUTOMATICA,,,,,Acumulado Anterior,,,,,,,,,,18961443.0000,0,18961443.0000,
,40026835,1205-23 TRASPALETA 2500 KG,1205-23,TRASPALETA 2500 KG,,,,,Acumulado Anterior,,,,,,,,,,351666.0000,0,351666.0000,
,40026836,1205-24 GRUA HORQUILLA 1,1205-24,GRUA HORQUILLA 1,,,,,Acumulado Anterior,,,,,,,,,,8250000.0000,0,8250000.0000,
,40026837,1205-25 CAMION EN LEASING,1205-25,CAMION EN LEASING,,,,,Acumulado Anterior,,,,,,,,,,69019232.0000,0,69019232.0000,
,40026838,1205-26 TRACTOR,1205-26,TRACTOR,,,,,Acumulado Anterior,,,,,,,,,,29000000.0000,0,29000000.0000,
,40026839,1205-27 PULVERIZADORA,1205-27,PULVERIZADORA,,,,,Acumulado Anterior,,,,,,,,,,2790000.0000,0,2790000.0000,
,40026840,1205-28 PULVERIZADORA NEUMATICA,1205-28,PULVERIZADORA NEUMATICA,,,,,Acumulado Anterior,,,,,,,,,,7590000.0000,0,7590000.0000,
,40026841,1205-29 CONTENEDOR,1205-29,CONTENEDOR,,,,,Acumulado Anterior,,,,,,,,,,5335000.0000,0,5335000.0000,
,40026842,1205-30 DERECHO DE AGUA PARC.1 0.61,1205-30,DERECHO DE AGUA PARC.1 0.61,,,,,Acumulado Anterior,,,,,,,,,,83000000.0000,0,83000000.0000,
,40026136,1207-05 DEPRECIACION ACUMULADA VEHICULOS,1207-05,DEPRECIACION ACUMULADA VEHICULOS,,,,,Acumulado Anterior,,,,,,,,,,0,196738562.0000,-196738562.0000,
,40026245,1207-12 DEPRECIACION ACUMULADA MUEBLES Y EQUIPOS (-),1207-12,DEPRECIACION ACUMULADA MUEBLES Y EQUIPOS (-),,,,,Acumulado Anterior,,,,,,,,,,0,33802.0000,-33802.0000,
,40026843,1207-18 DEPRECIACION ACUMALADA HERRAMIENTAS,1207-18,DEPRECIACION ACUMALADA HERRAMIENTAS,,,,,Acumulado Anterior,,,,,,,,,,0,3864160.0000,-3864160.0000,
,40026844,1207-19 DEPRECIACION ACUMALADA MAQUINARIAS Y EQUIPOS,1207-19,DEPRECIACION ACUMALADA MAQUINARIAS Y EQUIPOS,,,,,Acumulado Anterior,,,,,,,,,,0,53038790.0000,-53038790.0000,
,40026856,1207-20 DEPRECIACION ACUMALADA EQUIPOS,1207-20,DEPRECIACION ACUMALADA EQUIPOS,,,,,Acumulado Anterior,,,,,,,,,,0,880832.0000,-880832.0000,
,40026845,1207-21 DEPRECIACION ACUMALADA EQUIPOS DE COMPUTACION,1207-21,DEPRECIACION ACUMALADA EQUIPOS DE COMPUTACION,,,,,Acumulado Anterior,,,,,,,,,,0,2271718.0000,-2271718.0000,
,40025695,1209-01 MUEBLES UTILES E INSTALACIONES,1209-01,MUEBLES UTILES E INSTALACIONES,,,,,Acumulado Anterior,,,,,,,,,,1025914.0000,147050.0000,878864.0000,
,40026488,1209-16 HERRAMIENTAS,1209-16,HERRAMIENTAS,,,,,Acumulado Anterior,,,,,,,,,,3864160.0000,0,3864160.0000,
,40026246,2101-06 LINEA DE SOBREGIRO BCI,2101-06,LINEA DE SOBREGIRO BCI,,,,,Acumulado Anterior,,,,,,,,,,3843335.0000,3843335.0000,0.0000,
,40026847,2101-36 PRESTAMO PATRICIA RIOS L/PLAZO,2101-36,PRESTAMO PATRICIA RIOS L/PLAZO,,,,,Acumulado Anterior,,,,,,,,,,7141524.0000,8354464.0000,1212940.0000,
,40026848,2101-37 PRESTAMO CRISSE ACEVEDO L/PLAZO,2101-37,PRESTAMO CRISSE ACEVEDO L/PLAZO,,,,,Acumulado Anterior,,,,,,,,,,24029127.0000,42117228.0000,18088101.0000,
129801169,40026848,2101-37 PRESTAMO CRISSE ACEVEDO L/PLAZO,2101-37,PRESTAMO CRISSE ACEVEDO L/PLAZO,2026-08-10T00:00:00.000Z,Egreso,2178,2,Crisse acevedo rios,,,,,,,,,,192901.0000,0,17895200.0000,476202159
129801177,40026848,2101-37 PRESTAMO CRISSE ACEVEDO L/PLAZO,2101-37,PRESTAMO CRISSE ACEVEDO L/PLAZO,2026-08-10T00:00:00.000Z,Egreso,2180,2,Crisse evelyn acevedo rios,,,,,,,,,,525920.0000,0,17369280.0000,476202175
,40026849,2102-01 PRESTAMO BCO. BCI HIPOTECARIO 202,2102-01,PRESTAMO BCO. BCI HIPOTECARIO 202,,,,,Acumulado Anterior,,,,,,,,,,15804831.0000,82426990.0000,66622159.0000,
129801285,40026849,2102-01 PRESTAMO BCO. BCI HIPOTECARIO 202,2102-01,PRESTAMO BCO. BCI HIPOTECARIO 202,2026-08-07T00:00:00.000Z,Egreso,2181,2,Pago credito d03109020109 038/060,,,,,,,,,,2374033.0000,0,64248126.0000,476202527
,40026850,2102-02 PRESTAMO BCO. BCI L/PLAZO 2023,2102-02,PRESTAMO BCO. BCI L/PLAZO 2023,,,,,Acumulado Anterior,,,,,,,,,,1977896.0000,1977896.0000,0.0000,
,40026851,2102-03 PRESTAMO BCO. CHILE C/PLAZO 2023,2102-03,PRESTAMO BCO. CHILE C/PLAZO 2023,,,,,Acumulado Anterior,,,,,,,,,,8162528.0000,8162528.0000,0.0000,
,40025722,2105-01 FACTURAS POR PAGAR,2105-01,FACTURAS POR PAGAR,,,,,Acumulado Anterior,,,,,,,,,,757187978.0000,832669325.0000,75481347.0000,
129544864,40025722,2105-01 FACTURAS POR PAGAR,2105-01,FACTURAS POR PAGAR,2026-08-03T00:00:00.000Z,Egreso,2151,1,Of centra,,,,,,,,,,2344300.0000,0,73137047.0000,475365670
129544847,40025722,2105-01 FACTURAS POR PAGAR,2105-01,FACTURAS POR PAGAR,2026-08-04T00:00:00.000Z,Egreso,2149,1,Of centra,,,,,,,,,,481823.0000,0,72655224.0000,475365632
129544857,40025722,2105-01 FACTURAS POR PAGAR,2105-01,FACTURAS POR PAGAR,2026-08-04T00:00:00.000Z,Egreso,2150,1,Of centra,,,,,,,,,,1368500.0000,0,71286724.0000,475365653
129544788,40025722,2105-01 FACTURAS POR PAGAR,2105-01,FACTURAS POR PAGAR,2026-08-05T00:00:00.000Z,Egreso,2146,1,Ugca aut merpago*mercadoli 62148,,,,,,,,,,109900.0000,0,71176824.0000,475365460
129544821,40025722,2105-01 FACTURAS POR PAGAR,2105-01,FACTURAS POR PAGAR,2026-08-05T00:00:00.000Z,Egreso,2147,1,Of centra,,,,,,,,,,571200.0000,0,70605624.0000,475365567
129544837,40025722,2105-01 FACTURAS POR PAGAR,2105-01,FACTURAS POR PAGAR,2026-08-05T00:00:00.000Z,Egreso,2148,1,Of centra,,,,,,,,,,291050.0000,0,70314574.0000,475365609
129822996,40025722,2105-01 FACTURAS POR PAGAR,2105-01,FACTURAS POR PAGAR,2026-08-05T00:00:00.000Z,Egreso,2183,1,Of centra,,,,,,,,,,143419.0000,0,70171155.0000,476281232
129544763,40025722,2105-01 FACTURAS POR PAGAR,2105-01,FACTURAS POR PAGAR,2026-08-06T00:00:00.000Z,Egreso,2145,1,Of virt u pac reale chile,,,,,,,,,,125015.0000,0,70046140.0000,475365385
129802060,40025722,2105-01 FACTURAS POR PAGAR,2105-01,FACTURAS POR PAGAR,2026-08-07T00:00:00.000Z,Ingreso,873,3,Ingreso cencosud retail s.a.,,,,,,,,,,10946381.0000,0,59099759.0000,476205682
129544743,40025722,2105-01 FACTURAS POR PAGAR,2105-01,FACTURAS POR PAGAR,2026-08-10T00:00:00.000Z,Egreso,2143,1,Of centra,,,,,,,,,,107100.0000,0,58992659.0000,475365312
129544751,40025722,2105-01 FACTURAS POR PAGAR,2105-01,FACTURAS POR PAGAR,2026-08-10T00:00:00.000Z,Egreso,2144,1,Of centra,,,,,,,,,,1874250.0000,0,57118409.0000,475365334
129544479,40025722,2105-01 FACTURAS POR PAGAR,2105-01,FACTURAS POR PAGAR,2026-08-12T00:00:00.000Z,Egreso,2142,1,Ugca aut las brujas de tal 805554,,,,,,,,,,612505.0000,0,56505904.0000,475364531
129800978,40025722,2105-01 FACTURAS POR PAGAR,2105-01,FACTURAS POR PAGAR,2026-08-12T00:00:00.000Z,Egreso,2175,2,Of centra pago cuentas via internet,,,,,,,,,,221578.0000,0,56284326.0000,476201233
129544447,40025722,2105-01 FACTURAS POR PAGAR,2105-01,FACTURAS POR PAGAR,2026-08-13T00:00:00.000Z,Egreso,2141,1,Of centra,,,,,,,,,,202300.0000,0,56082026.0000,475364428
129726697,40025722,2105-01 FACTURAS POR PAGAR,2105-01,FACTURAS POR PAGAR,2026-08-14T00:00:00.000Z,Ingreso,870,3,Buin deposito cheque/documento,,,,,,,,,,11007409.0000,0,45074617.0000,475946854
129544034,40025722,2105-01 FACTURAS POR PAGAR,2105-01,FACTURAS POR PAGAR,2026-08-17T00:00:00.000Z,Egreso,2139,1,Of centra,,,,,,,,,,6297787.0000,0,38776830.0000,475363341
129543892,40025722,2105-01 FACTURAS POR PAGAR,2105-01,FACTURAS POR PAGAR,2026-08-18T00:00:00.000Z,Egreso,2137,1,Of centra,,,,,,,,,,23800.0000,0,38753030.0000,475362855
129723002,40025722,2105-01 FACTURAS POR PAGAR,2105-01,FACTURAS POR PAGAR,2026-08-18T00:00:00.000Z,Egreso,2168,1,Of centra,,,,,,,,,,2473950.0000,0,36279080.0000,475932495
129543826,40025722,2105-01 FACTURAS POR PAGAR,2105-01,FACTURAS POR PAGAR,2026-08-19T00:00:00.000Z,Egreso,2135,1,Of virt u pac bci seguros gene,,,,,,,,,,2451.0000,0,36276629.0000,475362631
129543847,40025722,2105-01 FACTURAS POR PAGAR,2105-01,FACTURAS POR PAGAR,2026-08-19T00:00:00.000Z,Egreso,2136,1,Of centra,,,,,,,,,,823549.0000,0,35453080.0000,475362695
129543702,40025722,2105-01 FACTURAS POR PAGAR,2105-01,FACTURAS POR PAGAR,2026-08-20T00:00:00.000Z,Egreso,2134,1,Of centra,,,,,,,,,,203225.0000,0,35249855.0000,475362244
129825645,40025722,2105-01 FACTURAS POR PAGAR,2105-01,FACTURAS POR PAGAR,2026-08-20T00:00:00.000Z,Egreso,2189,2,Of centra,,,,,,,,,,161721.0000,0,35088134.0000,476289896
129543491,40025722,2105-01 FACTURAS POR PAGAR,2105-01,FACTURAS POR PAGAR,2026-08-21T00:00:00.000Z,Egreso,2132,1,Of centra,,,,,,,,,,1081853.0000,0,34006281.0000,475361599
129543520,40025722,2105-01 FACTURAS POR PAGAR,2105-01,FACTURAS POR PAGAR,2026-08-21T00:00:00.000Z,Egreso,2133,1,Of centra,,,,,,,,,,173521.0000,0,33832760.0000,475361685
129722480,40025722,2105-01 FACTURAS POR PAGAR,2105-01,FACTURAS POR PAGAR,2026-08-21T00:00:00.000Z,Ingreso,867,3,Buin deposito cheque/documento,,,,,,,,,,7613618.0000,0,26219142.0000,475930835
129542433,40025722,2105-01 FACTURAS POR PAGAR,2105-01,FACTURAS POR PAGAR,2026-08-24T00:00:00.000Z,Egreso,2127,1,Of centra,,,,,,,,,,2189600.0000,0,24029542.0000,475358882
129542798,40025722,2105-01 FACTURAS POR PAGAR,2105-01,FACTURAS POR PAGAR,2026-08-24T00:00:00.000Z,Egreso,2129,1,Of centra,,,,,,,,,,502600.0000,0,23526942.0000,475359678
129542945,40025722,2105-01 FACTURAS POR PAGAR,2105-01,FACTURAS POR PAGAR,2026-08-24T00:00:00.000Z,Egreso,2130,1,Of centra,,,,,,,,,,557260.0000,0,22969682.0000,475360065
129543293,40025722,2105-01 FACTURAS POR PAGAR,2105-01,FACTURAS POR PAGAR,2026-08-24T00:00:00.000Z,Egreso,2131,1,Of centra,,,,,,,,,,1249500.0000,0,21720182.0000,475361001
129541496,40025722,2105-01 FACTURAS POR PAGAR,2105-01,FACTURAS POR PAGAR,2026-08-25T00:00:00.000Z,Egreso,2124,1,Of centra,,,,,,,,,,612968.0000,0,21107214.0000,475356625
129541793,40025722,2105-01 FACTURAS POR PAGAR,2105-01,FACTURAS POR PAGAR,2026-08-25T00:00:00.000Z,Egreso,2125,1,Of centra pago cuentas via internet,,,,,,,,,,42596.0000,0,21064618.0000,475357317
129541955,40025722,2105-01 FACTURAS POR PAGAR,2105-01,FACTURAS POR PAGAR,2026-08-25T00:00:00.000Z,Egreso,2126,1,Of centra,,,,,,,,,,197740.0000,0,20866878.0000,475357904
129720659,40025722,2105-01 FACTURAS POR PAGAR,2105-01,FACTURAS POR PAGAR,2026-08-25T00:00:00.000Z,Egreso,2164,1,Of centra pago cuentas via internet,,,,,,,,,,50499.0000,0,20816379.0000,475924812
129720659,40025722,2105-01 FACTURAS POR PAGAR,2105-01,FACTURAS POR PAGAR,2026-08-25T00:00:00.000Z,Egreso,2164,2,Of centra pago cuentas via internet,,,,,,,,,,5325.0000,0,20811054.0000,475924813
129720659,40025722,2105-01 FACTURAS POR PAGAR,2105-01,FACTURAS POR PAGAR,2026-08-25T00:00:00.000Z,Egreso,2164,3,Of centra pago cuentas via internet,,,,,,,,,,60400.0000,0,20750654.0000,475924814
129541481,40025722,2105-01 FACTURAS POR PAGAR,2105-01,FACTURAS POR PAGAR,2026-08-26T00:00:00.000Z,Egreso,2123,1,Of virt u pac bci seguros gene,,,,,,,,,,195748.0000,0,20554906.0000,475356528
129634366,40025722,2105-01 FACTURAS POR PAGAR,2105-01,FACTURAS POR PAGAR,2026-08-26T00:00:00.000Z,Egreso,2162,2,Pago f 1735 transportes san benito de palermo spa,,,,,,,,,,79991.0000,0,20474915.0000,475666645
129541470,40025722,2105-01 FACTURAS POR PAGAR,2105-01,FACTURAS POR PAGAR,2026-08-27T00:00:00.000Z,Egreso,2122,1,Of centra,,,,,,,,,,83300.0000,0,20391615.0000,475356476
129546586,40025722,2105-01 FACTURAS POR PAGAR,2105-01,FACTURAS POR PAGAR,2026-08-28T00:00:00.000Z,Egreso,2155,1,Of centra pago cuentas via internet,,,,,,,,,,3081400.0000,0,17310215.0000,475371455
129546614,40025722,2105-01 FACTURAS POR PAGAR,2105-01,FACTURAS POR PAGAR,2026-08-28T00:00:00.000Z,Egreso,2156,1,Of centra pago cuentas via internet,,,,,,,,,,512537.0000,0,16797678.0000,475371570
129546614,40025722,2105-01 FACTURAS POR PAGAR,2105-01,FACTURAS POR PAGAR,2026-08-28T00:00:00.000Z,Egreso,2156,2,Of centra pago cuentas via internet,,,,,,,,,,4419.0000,0,16793259.0000,475371571
129632496,40025722,2105-01 FACTURAS POR PAGAR,2105-01,FACTURAS POR PAGAR,2026-08-28T00:00:00.000Z,Egreso,2157,1,Of centra,,,,,,,,,,6304784.0000,0,10488475.0000,475659755
129632737,40025722,2105-01 FACTURAS POR PAGAR,2105-01,FACTURAS POR PAGAR,2026-08-28T00:00:00.000Z,Egreso,2158,1,Of centra,,,,,,,,,,7000000.0000,0,3488475.0000,475660496
129633649,40025722,2105-01 FACTURAS POR PAGAR,2105-01,FACTURAS POR PAGAR,2026-08-28T00:00:00.000Z,Egreso,2161,2,Autopista vespucio norte,,,,,,,,,,192216.0000,0,3296259.0000,475663614
129632214,40025722,2105-01 FACTURAS POR PAGAR,2105-01,FACTURAS POR PAGAR,2026-08-28T00:00:00.000Z,Ingreso,864,3,Ingresos cencosud retail s.a. 28-08-2026,,,,,,,,,,7630224.0000,0,-4333965.0000,475657316
129541240,40025722,2105-01 FACTURAS POR PAGAR,2105-01,FACTURAS POR PAGAR,2026-08-31T00:00:00.000Z,Egreso,2114,1,Of centra,,,,,,,,,,1170960.0000,0,-5504925.0000,475355650
129541255,40025722,2105-01 FACTURAS POR PAGAR,2105-01,FACTURAS POR PAGAR,2026-08-31T00:00:00.000Z,Egreso,2115,1,Of centra,,,,,,,,,,6164200.0000,0,-11669125.0000,475355710
129541340,40025722,2105-01 FACTURAS POR PAGAR,2105-01,FACTURAS POR PAGAR,2026-08-31T00:00:00.000Z,Egreso,2117,1,Of centra,,,,,,,,,,408730.0000,0,-12077855.0000,475356012
129541375,40025722,2105-01 FACTURAS POR PAGAR,2105-01,FACTURAS POR PAGAR,2026-08-31T00:00:00.000Z,Egreso,2118,1,Of centra,,,,,,,,,,23491.0000,0,-12101346.0000,475356129
129541387,40025722,2105-01 FACTURAS POR PAGAR,2105-01,FACTURAS POR PAGAR,2026-08-31T00:00:00.000Z,Egreso,2119,1,Of centra,,,,,,,,,,97211.0000,0,-12198557.0000,475356190
129541410,40025722,2105-01 FACTURAS POR PAGAR,2105-01,FACTURAS POR PAGAR,2026-08-31T00:00:00.000Z,Egreso,2120,1,Of centra,,,,,,,,,,699720.0000,0,-12898277.0000,475356271
129541432,40025722,2105-01 FACTURAS POR PAGAR,2105-01,FACTURAS POR PAGAR,2026-08-31T00:00:00.000Z,Egreso,2121,1,Of centra,,,,,,,,,,545924.0000,0,-13444201.0000,475356393
130124990,40025722,2105-01 FACTURAS POR PAGAR,2105-01,FACTURAS POR PAGAR,2026-08-31T00:00:00.000Z,Traspaso,287,0,Centralización compras agosto 2026 - valor total,,,,,,,,,,173521.0000,0,-13617722.0000,477385395
130124990,40025722,2105-01 FACTURAS POR PAGAR,2105-01,FACTURAS POR PAGAR,2026-08-31T00:00:00.000Z,Traspaso,287,2,Centralización compras agosto 2026 - valor total,,,,,,,,,,0,108877082.0000,95259360.0000,477385064
,40025913,2105-04 HONORARIOS POR PAGAR,2105-04,HONORARIOS POR PAGAR,,,,,Acumulado Anterior,,,,,,,,,,8606200.0000,9200700.0000,594500.0000,
129543970,40025913,2105-04 HONORARIOS POR PAGAR,2105-04,HONORARIOS POR PAGAR,2026-08-17T00:00:00.000Z,Egreso,2138,1,Of centra,,,,,,,,,,207500.0000,0,387000.0000,475363128
129542784,40025913,2105-04 HONORARIOS POR PAGAR,2105-04,HONORARIOS POR PAGAR,2026-08-24T00:00:00.000Z,Egreso,2128,1,Of centra,,,,,,,,,,120000.0000,0,267000.0000,475359615
129541310,40025913,2105-04 HONORARIOS POR PAGAR,2105-04,HONORARIOS POR PAGAR,2026-08-31T00:00:00.000Z,Egreso,2116,1,Of centra,,,,,,,,,,600000.0000,0,-333000.0000,475355872
130124428,40025913,2105-04 HONORARIOS POR PAGAR,2105-04,HONORARIOS POR PAGAR,2026-08-31T00:00:00.000Z,Traspaso,285,3,Centralización honorarios agosto 2026 - monto líquido,,,,,,,,,,0,927500.0000,594500.0000,477383639
,40025963,2106-09 CREDITO BANCO CHILE,2106-09,CREDITO BANCO CHILE,,,,,Acumulado Anterior,,,,,,,,,,3606305.0000,3606305.0000,0.0000,
,40025977,2106-12 Tarjeta Visa por Pagar,2106-12,Tarjeta Visa por Pagar,,,,,Acumulado Anterior,,,,,,,,,,10162448.0000,11696574.0000,1534126.0000,
129823125,40025977,2106-12 Tarjeta Visa por Pagar,2106-12,Tarjeta Visa por Pagar,2026-08-05T00:00:00.000Z,Egreso,2184,2,Of centra pac tarjeta de credito visa,,,,,,,,,,1823500.0000,0,-289374.0000,476281614
,40026000,2106-13 FINIQUITO POR PAGAR,2106-13,FINIQUITO POR PAGAR,,,,,Acumulado Anterior,,,,,,,,,,32098362.0000,50968692.0000,18870330.0000,
129632751,40026000,2106-13 FINIQUITO POR PAGAR,2106-13,FINIQUITO POR PAGAR,2026-08-31T00:00:00.000Z,Egreso,2159,2,Cuota 8 finiquito,,,,,,,,,,2500000.0000,0,16370330.0000,475660552
129802060,40026223,2106-21 CUENTAS POR PAGAR,2106-21,CUENTAS POR PAGAR,2026-08-07T00:00:00.000Z,Ingreso,873,4,Ingreso cencosud retail s.a.,,,,,,,,,,0,66759.0000,66759.0000,476205683
129801096,40026223,2106-21 CUENTAS POR PAGAR,2106-21,CUENTAS POR PAGAR,2026-08-11T00:00:00.000Z,Egreso,2177,4,Pago previred julio,,,,,,,,,,0,100000.0000,166759.0000,476201746
129632214,40026223,2106-21 CUENTAS POR PAGAR,2106-21,CUENTAS POR PAGAR,2026-08-28T00:00:00.000Z,Ingreso,864,5,Ingresos cencosud retail s.a. 28-08-2026,,,,,,,,,,0,3040141.0000,3206900.0000,475657319
,40026518,2106-31 TARJETA DE CREDITO EN DOLARES,2106-31,TARJETA DE CREDITO EN DOLARES,,,,,Acumulado Anterior,,,,,,,,,,296232.0000,296232.0000,0.0000,
,40027015,2106-65 CREDITO BCI D03150906,2106-65,CREDITO BCI D03150906,,,,,Acumulado Anterior,,,,,,,,,,7322897.0000,103986000.0000,96663103.0000,
129822839,40027015,2106-65 CREDITO BCI D03150906,2106-65,CREDITO BCI D03150906,2026-08-05T00:00:00.000Z,Egreso,2182,2,Buin pago credito d03100050906 003/021,,,,,,,,,,4678253.0000,0,91984850.0000,476280681
,40026194,2107-01 EMPRESA RELACIONADA,2107-01,EMPRESA RELACIONADA,,,,,Acumulado Anterior,,,,,,,,,,0,720991625.0000,720991625.0000,
,40026176,2107-14 PRESTAMO A TERCEROS POR PAGAR,2107-14,PRESTAMO A TERCEROS POR PAGAR,,,,,Acumulado Anterior,,,,,,,,,,0,39853522.0000,39853522.0000,
,40025732,2108-02 IVA DEBITO FISCAL,2108-02,IVA DEBITO FISCAL,,,,,Acumulado Anterior,,,,,,,,,,213918427.0000,213918427.0000,0.0000,
130124484,40025732,2108-02 IVA DEBITO FISCAL,2108-02,IVA DEBITO FISCAL,2026-08-31T00:00:00.000Z,Traspaso,286,0,Centralización ventas agosto 2026  - iva débito fiscal,,,,,,,,,,3336356.0000,0,-3336356.0000,477384897
130124484,40025732,2108-02 IVA DEBITO FISCAL,2108-02,IVA DEBITO FISCAL,2026-08-31T00:00:00.000Z,Traspaso,286,7,Centralización ventas agosto 2026  - iva débito fiscal,,,,,,,,,,0,46662164.0000,43325808.0000,477384723
,40025733,2108-03 IMPUESTO UNICO TRABAJADORES,2108-03,IMPUESTO UNICO TRABAJADORES,,,,,Acumulado Anterior,,,,,,,,,,4608044.0000,4608044.0000,0.0000,
129774259,40025733,2108-03 IMPUESTO UNICO TRABAJADORES,2108-03,IMPUESTO UNICO TRABAJADORES,2026-08-31T00:00:00.000Z,Traspaso,284,10,Centralizaciones de sueldos 082026,,,,,,,,,,0,642444.0000,642444.0000,476101509
,40025734,2108-04 RETENCION PROFESIONALES,2108-04,RETENCION PROFESIONALES,,,,,Acumulado Anterior,,,,,,,,,,1646137.0000,1646137.0000,0.0000,
130124428,40025734,2108-04 RETENCION PROFESIONALES,2108-04,RETENCION PROFESIONALES,2026-08-31T00:00:00.000Z,Traspaso,285,2,Centralización honorarios agosto 2026 - monto retención,,,,,,,,,,0,166896.0000,166896.0000,477383637
,40025914,2108-05 IMPUESTOS POR PAGAR,2108-05,IMPUESTOS POR PAGAR,,,,,Acumulado Anterior,,,,,,,,,,79064671.0000,117124037.0000,38059366.0000,
129801009,40025914,2108-05 IMPUESTOS POR PAGAR,2108-05,IMPUESTOS POR PAGAR,2026-08-11T00:00:00.000Z,Egreso,2176,2,Pago f29 julio,,,,,,,,,,38059366.0000,0,0.0000,476201413
,40025928,2108-10 PROVISION DE GASTOS,2108-10,PROVISION DE GASTOS,,,,,Acumulado Anterior,,,,,,,,,,6475630.0000,12868965.0000,6393335.0000,
130124990,40025928,2108-10 PROVISION DE GASTOS,2108-10,PROVISION DE GASTOS,2026-08-31T00:00:00.000Z,Traspaso,287,0,Centralización compras agosto 2026 - valor neto,,,,,,,,,,6393335.0000,0,0.0000,477385062
130129219,40025928,2108-10 PROVISION DE GASTOS,2108-10,PROVISION DE GASTOS,2026-08-31T00:00:00.000Z,Traspaso,288,5,Provisiones agosto,,,,,,,,,,0,4054743.0000,4054743.0000,477401529
,40026016,2108-15 REMUNERACIONES POR  PAGAR,2108-15,REMUNERACIONES POR  PAGAR,,,,,Acumulado Anterior,,,,,,,,,,73358626.0000,96864284.0000,23505658.0000,
129823425,40026016,2108-15 REMUNERACIONES POR  PAGAR,2108-15,REMUNERACIONES POR  PAGAR,2026-08-03T00:00:00.000Z,Egreso,2188,2,Pago remuneraciones,,,,,,,,,,12935888.0000,0,10569770.0000,476282560
129774259,40026016,2108-15 REMUNERACIONES POR  PAGAR,2108-15,REMUNERACIONES POR  PAGAR,2026-08-31T00:00:00.000Z,Traspaso,284,9,Centralizaciones de sueldos 082026,,,,,,,,,,0,12893156.0000,23462926.0000,476101508
,40025974,2108-25 IMPOSICIONES POR PAGAR,2108-25,IMPOSICIONES POR PAGAR,,,,,Acumulado Anterior,,,,,,,,,,18190809.0000,20910773.0000,2719964.0000,
129801096,40025974,2108-25 IMPOSICIONES POR PAGAR,2108-25,IMPOSICIONES POR PAGAR,2026-08-11T00:00:00.000Z,Egreso,2177,2,Pago previred julio,,,,,,,,,,2719964.0000,0,0.0000,476201744
129774259,40025974,2108-25 IMPOSICIONES POR PAGAR,2108-25,IMPOSICIONES POR PAGAR,2026-08-31T00:00:00.000Z,Traspaso,284,8,Centralizaciones de sueldos 082026,,,,,,,,,,0,2870608.0000,2870608.0000,476101507
,40026430,2108-28 CONVENIOS TESORERIA POR PAGAR,2108-28,CONVENIOS TESORERIA POR PAGAR,,,,,Acumulado Anterior,,,,,,,,,,4521570.0000,4521570.0000,0.0000,
,40025771,2301-01 C A P I T A L,2301-01,C A P I T A L,,,,,Acumulado Anterior,,,,,,,,,,0,9500000.0000,9500000.0000,
,40025773,2302-02 REVALORIZAC CAPITAL PROPIO,2302-02,REVALORIZAC CAPITAL PROPIO,,,,,Acumulado Anterior,,,,,,,,,,0,10801251.0000,10801251.0000,
,40026278,2302-05 RESERVA RESULTADOS ACUMULADOS,2302-05,RESERVA RESULTADOS ACUMULADOS,,,,,Acumulado Anterior,,,,,,,,,,0,407984889.0000,407984889.0000,
,40025795,4101-03 COMBUSTIBLES Y LUBRICANTES,4101-03,COMBUSTIBLES Y LUBRICANTES,,,,,Acumulado Anterior,,,,,,,,,,38864926.0000,0,38864926.0000,
130124990,40025795,4101-03 COMBUSTIBLES Y LUBRICANTES,4101-03,COMBUSTIBLES Y LUBRICANTES,2026-08-31T00:00:00.000Z,Traspaso,287,0,Centralización compras agosto 2026 - valor neto,,100,,,,,,,,2769347.0000,0,41634273.0000,477385002
130129219,40025795,4101-03 COMBUSTIBLES Y LUBRICANTES,4101-03,COMBUSTIBLES Y LUBRICANTES,2026-08-31T00:00:00.000Z,Traspaso,288,3,Provisiones agosto,,100,,,,,,,,202329.0000,0,41836602.0000,477401525
,40025798,4101-08 FLETES Y GASTOS DESPACHO,4101-08,FLETES Y GASTOS DESPACHO,,,,,Acumulado Anterior,,,,,,,,,,55745000.0000,0,55745000.0000,
130124990,40025798,4101-08 FLETES Y GASTOS DESPACHO,4101-08,FLETES Y GASTOS DESPACHO,2026-08-31T00:00:00.000Z,Traspaso,287,0,Centralización compras agosto 2026 - valor neto,,100,,,,,,,,8845000.0000,0,64590000.0000,477384992
130129219,40025798,4101-08 FLETES Y GASTOS DESPACHO,4101-08,FLETES Y GASTOS DESPACHO,2026-08-31T00:00:00.000Z,Traspaso,288,4,Provisiones agosto,,100,,,,,,,,230000.0000,0,64820000.0000,477401527
,40025800,4101-10 MANTENCION MAQUINARIAS,4101-10,MANTENCION MAQUINARIAS,,,,,Acumulado Anterior,,,,,,,,,,4521966.0000,0,4521966.0000,
130124990,40025800,4101-10 MANTENCION MAQUINARIAS,4101-10,MANTENCION MAQUINARIAS,2026-08-31T00:00:00.000Z,Traspaso,287,0,Centralización compras agosto 2026 - valor neto,,100,,,,,,,,918364.0000,0,5440330.0000,477385039
,40025939,4101-21 GASTO DE LUZ,4101-21,GASTO DE LUZ,,,,,Acumulado Anterior,,,,,,,,,,21021763.0000,2451309.0000,18570454.0000,
129634396,40025939,4101-21 GASTO DE LUZ,4101-21,GASTO DE LUZ,2026-08-25T00:00:00.000Z,Egreso,2163,2,Luz patricia de empresa,,100,,,,,,,,1100.0000,0,18571554.0000,475666782
130124990,40025939,4101-21 GASTO DE LUZ,4101-21,GASTO DE LUZ,2026-08-31T00:00:00.000Z,Traspaso,287,0,Centralización compras agosto 2026 - valor neto,,100,,,,,,,,2656973.0000,0,21228527.0000,477385032
,40025940,4101-23 GASTOS AGUA,4101-23,GASTOS AGUA,,,,,Acumulado Anterior,,,,,,,,,,1187440.0000,0,1187440.0000,
129545343,40025940,4101-23 GASTOS AGUA,4101-23,GASTOS AGUA,2026-08-31T00:00:00.000Z,Egreso,2152,2,Boleta 37894 cliente 172 agua,,100,,,,,,,,413780.0000,0,1601220.0000,475367421
130124990,40025940,4101-23 GASTOS AGUA,4101-23,GASTOS AGUA,2026-08-31T00:00:00.000Z,Traspaso,287,0,Centralización compras agosto 2026 - valor neto,,100,,,,,,,,34000.0000,0,1635220.0000,477385011
,40025978,4101-31 ASESORIAS,4101-31,ASESORIAS,,,,,Acumulado Anterior,,,,,,,,,,203952.0000,0,203952.0000,
,40026296,4101-43 ASESORIAS CONTABLES,4101-43,ASESORIAS CONTABLES,,,,,Acumulado Anterior,,,,,,,,,,7017488.0000,0,7017488.0000,
130124990,40026296,4101-43 ASESORIAS CONTABLES,4101-43,ASESORIAS CONTABLES,2026-08-31T00:00:00.000Z,Traspaso,287,0,Centralización compras agosto 2026 - valor neto,,,,,,,,,,904600.0000,0,7922088.0000,477385025
130124990,40026296,4101-43 ASESORIAS CONTABLES,4101-43,ASESORIAS CONTABLES,2026-08-31T00:00:00.000Z,Traspaso,287,4,Centralización compras agosto 2026 - valor neto,,,,,,,,,,0,145816.0000,7776272.0000,477385399
,40026297,4101-44 ASESORIAS LEGALES,4101-44,ASESORIAS LEGALES,,,,,Acumulado Anterior,,,,,,,,,,2817640.0000,0,2817640.0000,
130124990,40026297,4101-44 ASESORIAS LEGALES,4101-44,ASESORIAS LEGALES,2026-08-31T00:00:00.000Z,Traspaso,287,0,Centralización compras agosto 2026 - valor neto,,100,,,,,,,,408730.0000,0,3226370.0000,477384994
,40025809,4201-01 REMUNERACIONES TRABAJADORES,4201-01,REMUNERACIONES TRABAJADORES,,,,,Acumulado Anterior,,,,,,,,,,56605109.0000,0,56605109.0000,
129774259,40025809,4201-01 REMUNERACIONES TRABAJADORES,4201-01,REMUNERACIONES TRABAJADORES,2026-08-31T00:00:00.000Z,Traspaso,284,7,Centralizaciones de sueldos 082026,,100,,,,,,,,12279924.0000,0,68885033.0000,476101506
,40025810,4201-02 HONORARIOS PROFESIONALES,4201-02,HONORARIOS PROFESIONALES,,,,,Acumulado Anterior,,,,,,,,,,9695893.0000,0,9695893.0000,
130124428,40025810,4201-02 HONORARIOS PROFESIONALES,4201-02,HONORARIOS PROFESIONALES,2026-08-31T00:00:00.000Z,Traspaso,285,1,Centralización honorarios agosto 2026 - monto bruto,,100,,,,,,,,1094396.0000,0,10790289.0000,477383635
,40025811,4201-03 LEYES SOCIALES,4201-03,LEYES SOCIALES,,,,,Acumulado Anterior,,,,,,,,,,889481.0000,0,889481.0000,
129774259,40025811,4201-03 LEYES SOCIALES,4201-03,LEYES SOCIALES,2026-08-31T00:00:00.000Z,Traspaso,284,6,Centralizaciones de sueldos 082026,,100,,,,,,,,567467.0000,0,1456948.0000,476101505
,40025812,4201-04 GASTOS DE OFICINA,4201-04,GASTOS DE OFICINA,,,,,Acumulado Anterior,,,,,,,,,,2600348.0000,0,2600348.0000,
130124990,40025812,4201-04 GASTOS DE OFICINA,4201-04,GASTOS DE OFICINA,2026-08-31T00:00:00.000Z,Traspaso,287,0,Centralización compras agosto 2026 - valor neto,,100,,,,,,,,460864.0000,0,3061212.0000,477384990
,40025813,4201-05 IMPUESTOS Y PATENTES,4201-05,IMPUESTOS Y PATENTES,,,,,Acumulado Anterior,,,,,,,,,,70447.0000,0,70447.0000,
129823241,40025813,4201-05 IMPUESTOS Y PATENTES,4201-05,IMPUESTOS Y PATENTES,2026-08-04T00:00:00.000Z,Egreso,2186,2,Of centra cheque cobrado por caja,,100,,,,,,,,1029482.0000,0,1099929.0000,476282056
,40025814,4201-06 MANT VEHICULOS Y EQ TRANSP,4201-06,MANT VEHICULOS Y EQ TRANSP,,,,,Acumulado Anterior,,,,,,,,,,3598738.0000,0,3598738.0000,
130124990,40025814,4201-06 MANT VEHICULOS Y EQ TRANSP,4201-06,MANT VEHICULOS Y EQ TRANSP,2026-08-31T00:00:00.000Z,Traspaso,287,0,Centralización compras agosto 2026 - valor neto,,100,,,,,,,,1607277.0000,0,5206015.0000,477385013
,40025815,4201-07 MANTENC. EQUIP. Y EDIFICIOS,4201-07,MANTENC. EQUIP. Y EDIFICIOS,,,,,Acumulado Anterior,,,,,,,,,,7975993.0000,41711.0000,7934282.0000,
130124990,40025815,4201-07 MANTENC. EQUIP. Y EDIFICIOS,4201-07,MANTENC. EQUIP. Y EDIFICIOS,2026-08-31T00:00:00.000Z,Traspaso,287,0,Centralización compras agosto 2026 - valor neto,,100,,,,,,,,999194.0000,0,8933476.0000,477385020
,40025818,4201-10 GASTOS BANCARIOS,4201-10,GASTOS BANCARIOS,,,,,Acumulado Anterior,,,,,,,,,,1044429.0000,0,1044429.0000,
,40025819,4201-11 INTERESES Y MULTAS,4201-11,INTERESES Y MULTAS,,,,,Acumulado Anterior,,,,,,,,,,26815.0000,0,26815.0000,
,40025820,4201-12 LEGALES Y NOTARIALES,4201-12,LEGALES Y NOTARIALES,,,,,Acumulado Anterior,,,,,,,,,,71772.0000,0,71772.0000,
,40025822,4201-14 GRATIFICACIONES,4201-14,GRATIFICACIONES,,,,,Acumulado Anterior,,,,,,,,,,2779884.0000,0,2779884.0000,
129774259,40025822,4201-14 GRATIFICACIONES,4201-14,GRATIFICACIONES,2026-08-31T00:00:00.000Z,Traspaso,284,5,Centralizaciones de sueldos 082026,,100,,,,,,,,1963247.0000,0,4743131.0000,476101504
,40025826,4201-18 SEGUROS,4201-18,SEGUROS,,,,,Acumulado Anterior,,,,,,,,,,4158148.0000,0,4158148.0000,
129800917,40025826,4201-18 SEGUROS,4201-18,SEGUROS,2026-08-18T00:00:00.000Z,Egreso,2173,2,Of virt u pac hdi seguros sa,,100,,,,,,,,103733.0000,0,4261881.0000,476201028
129800919,40025826,4201-18 SEGUROS,4201-18,SEGUROS,2026-08-18T00:00:00.000Z,Egreso,2174,2,Of virt u pac hdi seguros sa,,100,,,,,,,,165212.0000,0,4427093.0000,476201032
130124990,40025826,4201-18 SEGUROS,4201-18,SEGUROS,2026-08-31T00:00:00.000Z,Traspaso,287,0,Centralización compras agosto 2026 - valor neto,,100,,,,,,,,321849.0000,0,4748942.0000,477385018
,40026078,4201-21 Peajes,4201-21,Peajes,,,,,Acumulado Anterior,,,,,,,,,,9639641.0000,0,9639641.0000,
130124990,40026078,4201-21 Peajes,4201-21,Peajes,2026-08-31T00:00:00.000Z,Traspaso,287,0,Centralización compras agosto 2026 - valor neto,,100,,,,,,,,825023.0000,0,10464664.0000,477385007
,40025829,4201-25 GAS,4201-25,GAS,,,,,Acumulado Anterior,,,,,,,,,,2367815.0000,0,2367815.0000,
130124990,40025829,4201-25 GAS,4201-25,GAS,2026-08-31T00:00:00.000Z,Traspaso,287,0,Centralización compras agosto 2026 - valor neto,,100,,,,,,,,874874.0000,0,3242689.0000,477385056
,40025830,4201-26 LOCOMOCION Y COLACION,4201-26,LOCOMOCION Y COLACION,,,,,Acumulado Anterior,,,,,,,,,,1543487.0000,0,1543487.0000,
129774259,40025830,4201-26 LOCOMOCION Y COLACION,4201-26,LOCOMOCION Y COLACION,2026-08-31T00:00:00.000Z,Traspaso,284,4,Centralizaciones de sueldos 082026,,100,,,,,,,,413751.0000,0,1957238.0000,476101503
,40026001,4201-45 INDEMNIZACIONES,4201-45,INDEMNIZACIONES,,,,,Acumulado Anterior,,,,,,,,,,39772183.0000,0,39772183.0000,
,40026002,4201-46 FERIADO LEGAL,4201-46,FERIADO LEGAL,,,,,Acumulado Anterior,,,,,,,,,,11196509.0000,0,11196509.0000,
,40026003,4201-47 HORAS EXTRAS,4201-47,HORAS EXTRAS,,,,,Acumulado Anterior,,,,,,,,,,1039807.0000,0,1039807.0000,
129774259,40026003,4201-47 HORAS EXTRAS,4201-47,HORAS EXTRAS,2026-08-31T00:00:00.000Z,Traspaso,284,3,Centralizaciones de sueldos 082026,,100,,,,,,,,1641325.0000,0,2681132.0000,476101502
,40026069,4201-49 UNIFORME PERSONAL,4201-49,UNIFORME PERSONAL,,,,,Acumulado Anterior,,,,,,,,,,1127843.0000,0,1127843.0000,
129825821,40026069,4201-49 UNIFORME PERSONAL,4201-49,UNIFORME PERSONAL,2026-08-11T00:00:00.000Z,Egreso,2190,2,Of centra,,100,,,,,,,,113240.0000,0,1241083.0000,476290511
,40026133,4201-50 CONTRIBUCIONES,4201-50,CONTRIBUCIONES,,,,,Acumulado Anterior,,,,,,,,,,209345.0000,0,209345.0000,
,40026220,4201-52 GASTO DE CORREO,4201-52,GASTO DE CORREO,,,,,Acumulado Anterior,,,,,,,,,,59900.0000,0,59900.0000,
,40026409,4201-83 BONOS,4201-83,BONOS,,,,,Acumulado Anterior,,,,,,,,,,113092.0000,0,113092.0000,
129774259,40026409,4201-83 BONOS,4201-83,BONOS,2026-08-31T00:00:00.000Z,Traspaso,284,2,Centralizaciones de sueldos 082026,,100,,,,,,,,615460.0000,0,728552.0000,476101501
,40026451,4201-86 LICENCIA DE MARCA,4201-86,LICENCIA DE MARCA,,,,,Acumulado Anterior,,,,,,,,,,40942.0000,0,40942.0000,
,40026529,4201-95 INTERES FACTORING,4201-95,INTERES FACTORING,,,,,Acumulado Anterior,,,,,,,,,,325400.0000,0,325400.0000,
,40026572,4201-99 GASTOS DE TELEFONO,4201-99,GASTOS DE TELEFONO,,,,,Acumulado Anterior,,,,,,,,,,1810478.0000,0,1810478.0000,
129633462,40026572,4201-99 GASTOS DE TELEFONO,4201-99,GASTOS DE TELEFONO,2026-08-28T00:00:00.000Z,Egreso,2160,2,Entel hogar - telefonía fija,,100,,,,,,,,8990.0000,0,1819468.0000,475663094
130124990,40026572,4201-99 GASTOS DE TELEFONO,4201-99,GASTOS DE TELEFONO,2026-08-31T00:00:00.000Z,Traspaso,287,0,Centralización compras agosto 2026 - valor neto,,100,,,,,,,,221995.0000,0,2041463.0000,477385036
,40026667,4202-03 INSUMOS DE LIMPIEZA,4202-03,INSUMOS DE LIMPIEZA,,,,,Acumulado Anterior,,,,,,,,,,469412.0000,234706.0000,234706.0000,
,40026670,4202-06 DERECHOS DE AGUA Y ACCESO,4202-06,DERECHOS DE AGUA Y ACCESO,,,,,Acumulado Anterior,,,,,,,,,,42017.0000,0,42017.0000,
,40026687,4202-23 EQUIPO DE SEGURIDAD,4202-23,EQUIPO DE SEGURIDAD,,,,,Acumulado Anterior,,,,,,,,,,153093.0000,0,153093.0000,
130124990,40026687,4202-23 EQUIPO DE SEGURIDAD,4202-23,EQUIPO DE SEGURIDAD,2026-08-31T00:00:00.000Z,Traspaso,287,0,Centralización compras agosto 2026 - valor neto,,,,,,,,,,709710.0000,0,862803.0000,477385041
129774259,40026694,4202-26 TOTAL ASIGNACIONES,4202-26,TOTAL ASIGNACIONES,2026-08-31T00:00:00.000Z,Traspaso,284,1,Centralizaciones de sueldos 082026,,,,,,,,,,2400.0000,0,2400.0000,476101500
,40026857,4202-37 CONVENIOS CENCOSUD,4202-37,CONVENIOS CENCOSUD,,,,,Acumulado Anterior,,,,,,,,,,150838675.0000,0,150838675.0000,
130124990,40026857,4202-37 CONVENIOS CENCOSUD,4202-37,CONVENIOS CENCOSUD,2026-08-31T00:00:00.000Z,Traspaso,287,0,Centralización compras agosto 2026 - valor neto,,,,,,,,,,30794103.0000,0,181632778.0000,477384996
130129219,40026857,4202-37 CONVENIOS CENCOSUD,4202-37,CONVENIOS CENCOSUD,2026-08-31T00:00:00.000Z,Traspaso,288,2,Provisiones agosto,,,,,,,,,,569166.0000,0,182201944.0000,477401524
,40026858,4202-38 CONVENIOS TOTTUS S,4202-38,CONVENIOS TOTTUS S,,,,,Acumulado Anterior,,,,,,,,,,26794118.0000,0,26794118.0000,
130124990,40026858,4202-38 CONVENIOS TOTTUS S,4202-38,CONVENIOS TOTTUS S,2026-08-31T00:00:00.000Z,Traspaso,287,0,Centralización compras agosto 2026 - valor neto,,,,,,,,,,5696355.0000,0,32490473.0000,477385043
,40026861,4202-41 ANALISIS LABORATORIO,4202-41,ANALISIS LABORATORIO,,,,,Acumulado Anterior,,,,,,,,,,636053.0000,0,636053.0000,
,40026944,4202-59 BENEFICIOS DEL PERSONAL,4202-59,BENEFICIOS DEL PERSONAL,,,,,Acumulado Anterior,,,,,,,,,,321586.0000,0,321586.0000,
,40026587,4204-06 LICENCIAS Y SOFTWARE,4204-06,LICENCIAS Y SOFTWARE,,,,,Acumulado Anterior,,,,,,,,,,666224.0000,60258.0000,605966.0000,
130124990,40026587,4204-06 LICENCIAS Y SOFTWARE,4204-06,LICENCIAS Y SOFTWARE,2026-08-31T00:00:00.000Z,Traspaso,287,0,Centralización compras agosto 2026 - valor neto,,100,,,,,,,,81690.0000,0,687656.0000,477385028
,40026591,4204-10 RECICLAJE / BASURA,4204-10,RECICLAJE / BASURA,,,,,Acumulado Anterior,,,,,,,,,,936073.0000,0,936073.0000,
130124990,40026591,4204-10 RECICLAJE / BASURA,4204-10,RECICLAJE / BASURA,2026-08-31T00:00:00.000Z,Traspaso,287,0,Centralización compras agosto 2026 - valor neto,,100,,,,,,,,200000.0000,0,1136073.0000,477385059
,40025841,4205-01 INTERESES Y REAJUSTES,4205-01,INTERESES Y REAJUSTES,,,,,Acumulado Anterior,,,,,,,,,,8795.0000,0,8795.0000,
,40025921,4205-05 DEPRECIACION,4205-05,DEPRECIACION,,,,,Acumulado Anterior,,,,,,,,,,12623473.0000,0,12623473.0000,
,40026139,4301-07 COMISIONES BANCARIAS,4301-07,COMISIONES BANCARIAS,,,,,Acumulado Anterior,,,,,,,,,,2548746.0000,0,2548746.0000,
129823152,40026139,4301-07 COMISIONES BANCARIAS,4301-07,COMISIONES BANCARIAS,2026-08-03T00:00:00.000Z,Egreso,2185,2,Buin impuesto linea de sobregiro,,,,,,,,,,1320.0000,0,2550066.0000,476281776
129822839,40026139,4301-07 COMISIONES BANCARIAS,4301-07,COMISIONES BANCARIAS,2026-08-05T00:00:00.000Z,Egreso,2182,4,Buin pago credito d03100050906 003/021,,,,,,,,,,40276.0000,0,2590342.0000,476280683
130124990,40026139,4301-07 COMISIONES BANCARIAS,4301-07,COMISIONES BANCARIAS,2026-08-31T00:00:00.000Z,Traspaso,287,0,Centralización compras agosto 2026 - valor neto,,,,,,,,,,3432.0000,0,2593774.0000,477385053
,40026935,4301-20 COSTO PRODUCTO ENTERO,4301-20,COSTO PRODUCTO ENTERO,,,,,Acumulado Anterior,,,,,,,,,,101037884.0000,0,101037884.0000,
,40026936,4301-21 COSTO PRODUCTO TROZADO,4301-21,COSTO PRODUCTO TROZADO,,,,,Acumulado Anterior,,,,,,,,,,70029611.0000,0,70029611.0000,
,40026937,4301-22 COSTO PRODUCTO PICADO,4301-22,COSTO PRODUCTO PICADO,,,,,Acumulado Anterior,,,,,,,,,,22534856.0000,0,22534856.0000,
,40026938,4301-23 COSTO PRODUCTO CUBO,4301-23,COSTO PRODUCTO CUBO,,,,,Acumulado Anterior,,,,,,,,,,10544404.0000,0,10544404.0000,
,40026939,4301-24 MERMAS,4301-24,MERMAS,,,,,Acumulado Anterior,,,,,,,,,,67796296.0000,0,67796296.0000,
,40026942,4301-25 COSTO REMUNERACION PACKING,4301-25,COSTO REMUNERACION PACKING,,,,,Acumulado Anterior,,,,,,,,,,50435299.0000,0,50435299.0000,
,40026981,4301-29 CONTROL DE PLAGAS,4301-29,CONTROL DE PLAGAS,,,,,Acumulado Anterior,,,,,,,,,,572899.0000,0,572899.0000,
,40027024,4301-33 MERMAS BODEGA,4301-33,MERMAS BODEGA,,,,,Acumulado Anterior,,,,,,,,,,23106530.0000,0,23106530.0000,
,40025856,4401-01 INTERESES PAGADOS,4401-01,INTERESES PAGADOS,,,,,Acumulado Anterior,,,,,,,,,,13295184.0000,0,13295184.0000,
129822839,40025856,4401-01 INTERESES PAGADOS,4401-01,INTERESES PAGADOS,2026-08-05T00:00:00.000Z,Egreso,2182,3,Buin pago credito d03100050906 003/021,,100,,,,,,,,908633.0000,0,14203817.0000,476280682
129801285,40025856,4401-01 INTERESES PAGADOS,4401-01,INTERESES PAGADOS,2026-08-07T00:00:00.000Z,Egreso,2181,3,Pago credito d03109020109 038/060,,100,,,,,,,,1149676.0000,0,15353493.0000,476202528
,40025862,4405-01 REAJUSTE CRED. FISCAL,4405-01,REAJUSTE CRED. FISCAL,,,,,Acumulado Anterior,,,,,,,,,,4374.0000,0,4374.0000,
,40026066,4501-13 DIFERENCIAS DE PAGO,4501-13,DIFERENCIAS DE PAGO,,,,,Acumulado Anterior,,,,,,,,,,5220146.0000,219621.0000,5000525.0000,
129800978,40026066,4501-13 DIFERENCIAS DE PAGO,4501-13,DIFERENCIAS DE PAGO,2026-08-12T00:00:00.000Z,Egreso,2175,3,Of centra pago cuentas via internet,,100,,,,,,,,24507.0000,0,5025032.0000,476201234
129634366,40026066,4501-13 DIFERENCIAS DE PAGO,4501-13,DIFERENCIAS DE PAGO,2026-08-26T00:00:00.000Z,Egreso,2162,3,Pago f 1735 transportes san benito de palermo spa,,100,,,,,,,,0,1.0000,5025031.0000,475666646
129633649,40026066,4501-13 DIFERENCIAS DE PAGO,4501-13,DIFERENCIAS DE PAGO,2026-08-28T00:00:00.000Z,Egreso,2161,3,Autopista vespucio norte,,100,,,,,,,,4.0000,0,5025035.0000,475663615
,40026271,4501-17 DIFERENCIA DE CAMBIO,4501-17,DIFERENCIA DE CAMBIO,,,,,Acumulado Anterior,,,,,,,,,,3055.0000,0,3055.0000,
,40025879,4701-01 IMPTO PRIMERA CATEGORIA,4701-01,IMPTO PRIMERA CATEGORIA,,,,,Acumulado Anterior,,,,,,,,,,18066210.0000,0,18066210.0000,
130124990,40026961,4701-04 IMPUESTO ESPECÍFICO DIESEL,4701-04,IMPUESTO ESPECÍFICO DIESEL,2026-08-31T00:00:00.000Z,Traspaso,287,0,Centralización compras agosto 2026 - impuesto específico diesel,,,,,,,,,,111139.0000,0,111139.0000,477385393
130124990,40026962,4701-05 IMPUESTO ESPECÍFICO GASOLINA,4701-05,IMPUESTO ESPECÍFICO GASOLINA,2026-08-31T00:00:00.000Z,Traspaso,287,0,Centralización compras agosto 2026 - impuesto específico gasolina,,,,,,,,,,126026.0000,0,126026.0000,477385391
,40027021,4701-07 REAJUSTE art.72,4701-07,REAJUSTE art.72,,,,,Acumulado Anterior,,,,,,,,,,175239.0000,0,175239.0000,
,40025883,5101-01 VENTAS,5101-01,VENTAS,,,,,Acumulado Anterior,,,,,,,,,,1125847986.0000,1125847986.0000,0.0000,
130124484,40025883,5101-01 VENTAS,5101-01,VENTAS,2026-08-31T00:00:00.000Z,Traspaso,286,5,Centralización ventas agosto 2026  - valor neto,,,,,,,,,,17559762.0000,0,-17559762.0000,477384905
130124484,40025883,5101-01 VENTAS,5101-01,VENTAS,2026-08-31T00:00:00.000Z,Traspaso,286,6,Centralización ventas agosto 2026  - valor neto,,,,,,,,,,0,245590320.0000,228030558.0000,477383819
,40026924,5101-58 VENTA  DE PRODUCTO ENTERO,5101-58,VENTA  DE PRODUCTO ENTERO,,,,,Acumulado Anterior,,,,,,,,,,0,342013976.0000,342013976.0000,
,40026925,5101-59 VENTA DE PRODUCTO TROZADO,5101-59,VENTA DE PRODUCTO TROZADO,,,,,Acumulado Anterior,,,,,,,,,,0,494887080.0000,494887080.0000,
,40026926,5101-60 VENTA DE PRODUCTO PICADO,5101-60,VENTA DE PRODUCTO PICADO,,,,,Acumulado Anterior,,,,,,,,,,0,187433500.0000,187433500.0000,
,40026927,5101-61 VENTA DE PRODUCTO CUBO,5101-61,VENTA DE PRODUCTO CUBO,,,,,Acumulado Anterior,,,,,,,,,,0,91564900.0000,91564900.0000,
,40025897,5203-01 REAJUSTE CRED. FISCAL,5203-01,REAJUSTE CRED. FISCAL,,,,,Acumulado Anterior,,,,,,,,,,0,48422.0000,48422.0000,
,40026968,5501-15 CM PPM,5501-15,CM PPM,,,,,Acumulado Anterior,,,,,,,,,,0,17439.0000,17439.0000,
