idcuenta,tipocuentaid,tipocuenta,cuentamayor,subcuenta,cuentaanalisis,periodo,saldoanterior,saldo,generado_en
1513,3,Total Ganancias,,,,2026-01-01T00:00:00.000Z,0,0,2026-09-24T11:09:23.394Z
1514,3,Total Ganancias,,,,2026-02-01T00:00:00.000Z,0,0,2026-09-24T11:09:23.394Z
1515,3,Total Ganancias,,,,2026-03-01T00:00:00.000Z,0,0,2026-09-24T11:09:23.394Z
1516,3,Total Ganancias,,,,2026-04-01T00:00:00.000Z,0,0,2026-09-24T11:09:23.394Z
1517,3,Total Ganancias,,,,2026-05-01T00:00:00.000Z,0,0,2026-09-24T11:09:23.394Z
1518,3,Total Ganancias,,,,2026-06-01T00:00:00.000Z,0,0,2026-09-24T11:09:23.394Z
1519,3,Total Ganancias,,,,2026-07-01T00:00:00.000Z,0,0,2026-09-24T11:09:23.394Z
1520,3,Total Ganancias,,,,2026-08-01T00:00:00.000Z,0,0,2026-09-24T11:09:23.394Z
1521,3,Total Ganancias,,,,2026-09-01T00:00:00.000Z,0,0,2026-09-24T11:09:23.394Z
40025883,3,Total Ganancias,5101 INGRESOS DE EXPLOTACION,5101-01 VENTAS,,2026-01-01T00:00:00.000Z,0,0,2026-09-24T11:09:23.394Z
40025883,3,Total Ganancias,5101 INGRESOS DE EXPLOTACION,5101-01 VENTAS,,2026-02-01T00:00:00.000Z,0,0,2026-09-24T11:09:23.394Z
40025883,3,Total Ganancias,5101 INGRESOS DE EXPLOTACION,5101-01 VENTAS,,2026-03-01T00:00:00.000Z,0,0,2026-09-24T11:09:23.394Z
40025883,3,Total Ganancias,5101 INGRESOS DE EXPLOTACION,5101-01 VENTAS,,2026-04-01T00:00:00.000Z,0,0,2026-09-24T11:09:23.394Z
40025883,3,Total Ganancias,5101 INGRESOS DE EXPLOTACION,5101-01 VENTAS,,2026-05-01T00:00:00.000Z,0,0,2026-09-24T11:09:23.394Z
40025883,3,Total Ganancias,5101 INGRESOS DE EXPLOTACION,5101-01 VENTAS,,2026-06-01T00:00:00.000Z,0,0,2026-09-24T11:09:23.394Z
40025883,3,Total Ganancias,5101 INGRESOS DE EXPLOTACION,5101-01 VENTAS,,2026-07-01T00:00:00.000Z,0,0,2026-09-24T11:09:23.394Z
40025883,3,Total Ganancias,5101 INGRESOS DE EXPLOTACION,5101-01 VENTAS,,2026-08-01T00:00:00.000Z,0,0,2026-09-24T11:09:23.394Z
40026924,3,Total Ganancias,5101 INGRESOS DE EXPLOTACION,5101-58 VENTA  DE PRODUCTO ENTERO,,2026-01-01T00:00:00.000Z,0,38441484,2026-09-24T11:09:23.394Z
40026924,3,Total Ganancias,5101 INGRESOS DE EXPLOTACION,5101-58 VENTA  DE PRODUCTO ENTERO,,2026-02-01T00:00:00.000Z,0,22634420,2026-09-24T11:09:23.394Z
40026924,3,Total Ganancias,5101 INGRESOS DE EXPLOTACION,5101-58 VENTA  DE PRODUCTO ENTERO,,2026-03-01T00:00:00.000Z,0,27654860,2026-09-24T11:09:23.394Z
40026924,3,Total Ganancias,5101 INGRESOS DE EXPLOTACION,5101-58 VENTA  DE PRODUCTO ENTERO,,2026-04-01T00:00:00.000Z,0,41825114,2026-09-24T11:09:23.394Z
40026924,3,Total Ganancias,5101 INGRESOS DE EXPLOTACION,5101-58 VENTA  DE PRODUCTO ENTERO,,2026-05-01T00:00:00.000Z,0,73530780,2026-09-24T11:09:23.394Z
40026924,3,Total Ganancias,5101 INGRESOS DE EXPLOTACION,5101-58 VENTA  DE PRODUCTO ENTERO,,2026-06-01T00:00:00.000Z,0,58676810,2026-09-24T11:09:23.394Z
40026924,3,Total Ganancias,5101 INGRESOS DE EXPLOTACION,5101-58 VENTA  DE PRODUCTO ENTERO,,2026-07-01T00:00:00.000Z,0,79250508,2026-09-24T11:09:23.394Z
40026924,3,Total Ganancias,5101 INGRESOS DE EXPLOTACION,5101-58 VENTA  DE PRODUCTO ENTERO,,2026-08-01T00:00:00.000Z,0,56396958,2026-09-24T11:09:23.394Z
40026925,3,Total Ganancias,5101 INGRESOS DE EXPLOTACION,5101-59 VENTA DE PRODUCTO TROZADO,,2026-01-01T00:00:00.000Z,0,50137920,2026-09-24T11:09:23.394Z
40026925,3,Total Ganancias,5101 INGRESOS DE EXPLOTACION,5101-59 VENTA DE PRODUCTO TROZADO,,2026-02-01T00:00:00.000Z,0,46464480,2026-09-24T11:09:23.394Z
40026925,3,Total Ganancias,5101 INGRESOS DE EXPLOTACION,5101-59 VENTA DE PRODUCTO TROZADO,,2026-03-01T00:00:00.000Z,0,61446720,2026-09-24T11:09:23.394Z
40026925,3,Total Ganancias,5101 INGRESOS DE EXPLOTACION,5101-59 VENTA DE PRODUCTO TROZADO,,2026-04-01T00:00:00.000Z,0,68104320,2026-09-24T11:09:23.394Z
40026925,3,Total Ganancias,5101 INGRESOS DE EXPLOTACION,5101-59 VENTA DE PRODUCTO TROZADO,,2026-05-01T00:00:00.000Z,0,76033920,2026-09-24T11:09:23.394Z
40026925,3,Total Ganancias,5101 INGRESOS DE EXPLOTACION,5101-59 VENTA DE PRODUCTO TROZADO,,2026-06-01T00:00:00.000Z,0,81401160,2026-09-24T11:09:23.394Z
40026925,3,Total Ganancias,5101 INGRESOS DE EXPLOTACION,5101-59 VENTA DE PRODUCTO TROZADO,,2026-07-01T00:00:00.000Z,0,111298560,2026-09-24T11:09:23.394Z
40026925,3,Total Ganancias,5101 INGRESOS DE EXPLOTACION,5101-59 VENTA DE PRODUCTO TROZADO,,2026-08-01T00:00:00.000Z,0,105606300,2026-09-24T11:09:23.394Z
40026926,3,Total Ganancias,5101 INGRESOS DE EXPLOTACION,5101-60 VENTA DE PRODUCTO PICADO,,2026-01-01T00:00:00.000Z,0,15737500,2026-09-24T11:09:23.394Z
40026926,3,Total Ganancias,5101 INGRESOS DE EXPLOTACION,5101-60 VENTA DE PRODUCTO PICADO,,2026-02-01T00:00:00.000Z,0,16890500,2026-09-24T11:09:23.394Z
40026926,3,Total Ganancias,5101 INGRESOS DE EXPLOTACION,5101-60 VENTA DE PRODUCTO PICADO,,2026-03-01T00:00:00.000Z,0,22759500,2026-09-24T11:09:23.394Z
40026926,3,Total Ganancias,5101 INGRESOS DE EXPLOTACION,5101-60 VENTA DE PRODUCTO PICADO,,2026-04-01T00:00:00.000Z,0,29428500,2026-09-24T11:09:23.394Z
40026926,3,Total Ganancias,5101 INGRESOS DE EXPLOTACION,5101-60 VENTA DE PRODUCTO PICADO,,2026-05-01T00:00:00.000Z,0,31387000,2026-09-24T11:09:23.394Z
40026926,3,Total Ganancias,5101 INGRESOS DE EXPLOTACION,5101-60 VENTA DE PRODUCTO PICADO,,2026-06-01T00:00:00.000Z,0,31548000,2026-09-24T11:09:23.394Z
40026926,3,Total Ganancias,5101 INGRESOS DE EXPLOTACION,5101-60 VENTA DE PRODUCTO PICADO,,2026-07-01T00:00:00.000Z,0,39682500,2026-09-24T11:09:23.394Z
40026926,3,Total Ganancias,5101 INGRESOS DE EXPLOTACION,5101-60 VENTA DE PRODUCTO PICADO,,2026-08-01T00:00:00.000Z,0,43444500,2026-09-24T11:09:23.394Z
40026927,3,Total Ganancias,5101 INGRESOS DE EXPLOTACION,5101-61 VENTA DE PRODUCTO CUBO,,2026-01-01T00:00:00.000Z,0,8099500,2026-09-24T11:09:23.394Z
40026927,3,Total Ganancias,5101 INGRESOS DE EXPLOTACION,5101-61 VENTA DE PRODUCTO CUBO,,2026-02-01T00:00:00.000Z,0,8360500,2026-09-24T11:09:23.394Z
40026927,3,Total Ganancias,5101 INGRESOS DE EXPLOTACION,5101-61 VENTA DE PRODUCTO CUBO,,2026-03-01T00:00:00.000Z,0,10284000,2026-09-24T11:09:23.394Z
40026927,3,Total Ganancias,5101 INGRESOS DE EXPLOTACION,5101-61 VENTA DE PRODUCTO CUBO,,2026-04-01T00:00:00.000Z,0,12230500,2026-09-24T11:09:23.394Z
40026927,3,Total Ganancias,5101 INGRESOS DE EXPLOTACION,5101-61 VENTA DE PRODUCTO CUBO,,2026-05-01T00:00:00.000Z,0,13422500,2026-09-24T11:09:23.394Z
40026927,3,Total Ganancias,5101 INGRESOS DE EXPLOTACION,5101-61 VENTA DE PRODUCTO CUBO,,2026-06-01T00:00:00.000Z,0,16041000,2026-09-24T11:09:23.394Z
40026927,3,Total Ganancias,5101 INGRESOS DE EXPLOTACION,5101-61 VENTA DE PRODUCTO CUBO,,2026-07-01T00:00:00.000Z,0,23126900,2026-09-24T11:09:23.394Z
40026927,3,Total Ganancias,5101 INGRESOS DE EXPLOTACION,5101-61 VENTA DE PRODUCTO CUBO,,2026-08-01T00:00:00.000Z,0,19582800,2026-09-24T11:09:23.394Z
40025892,3,Total Ganancias,5201 INGRESOS NO OPERACIONALES,5201-05 VENTAS ACTIVO FIJO,,2026-08-01T00:00:00.000Z,0,3000000,2026-09-24T11:09:23.394Z
40025897,3,Total Ganancias,5203 REAJUSTE CRED.FISCAL,5203-01 REAJUSTE CRED. FISCAL,,2026-05-01T00:00:00.000Z,0,48422,2026-09-24T11:09:23.394Z
40026968,3,Total Ganancias,5501 CORRECCION MONETARIA,5501-15 CM PPM,,2026-07-01T00:00:00.000Z,0,17439,2026-09-24T11:09:23.394Z
1513,4,Total Pérdidas,,,,2026-01-01T00:00:00.000Z,0,0,2026-09-24T11:09:23.394Z
1514,4,Total Pérdidas,,,,2026-02-01T00:00:00.000Z,0,0,2026-09-24T11:09:23.394Z
1515,4,Total Pérdidas,,,,2026-03-01T00:00:00.000Z,0,0,2026-09-24T11:09:23.394Z
1516,4,Total Pérdidas,,,,2026-04-01T00:00:00.000Z,0,0,2026-09-24T11:09:23.394Z
1517,4,Total Pérdidas,,,,2026-05-01T00:00:00.000Z,0,0,2026-09-24T11:09:23.394Z
1518,4,Total Pérdidas,,,,2026-06-01T00:00:00.000Z,0,0,2026-09-24T11:09:23.394Z
1519,4,Total Pérdidas,,,,2026-07-01T00:00:00.000Z,0,0,2026-09-24T11:09:23.394Z
1520,4,Total Pérdidas,,,,2026-08-01T00:00:00.000Z,0,0,2026-09-24T11:09:23.394Z
1521,4,Total Pérdidas,,,,2026-09-01T00:00:00.000Z,0,0,2026-09-24T11:09:23.394Z
40025795,4,Total Pérdidas,4101 COSTOS DE EXPLOTACION,4101-03 COMBUSTIBLES Y LUBRICANTES,,2026-01-01T00:00:00.000Z,0,2776701,2026-09-24T11:09:23.394Z
40025795,4,Total Pérdidas,4101 COSTOS DE EXPLOTACION,4101-03 COMBUSTIBLES Y LUBRICANTES,,2026-02-01T00:00:00.000Z,0,4369656,2026-09-24T11:09:23.394Z
40025795,4,Total Pérdidas,4101 COSTOS DE EXPLOTACION,4101-03 COMBUSTIBLES Y LUBRICANTES,,2026-03-01T00:00:00.000Z,0,7311462,2026-09-24T11:09:23.394Z
40025795,4,Total Pérdidas,4101 COSTOS DE EXPLOTACION,4101-03 COMBUSTIBLES Y LUBRICANTES,,2026-04-01T00:00:00.000Z,0,12185014,2026-09-24T11:09:23.394Z
40025795,4,Total Pérdidas,4101 COSTOS DE EXPLOTACION,4101-03 COMBUSTIBLES Y LUBRICANTES,,2026-05-01T00:00:00.000Z,0,4411117,2026-09-24T11:09:23.394Z
40025795,4,Total Pérdidas,4101 COSTOS DE EXPLOTACION,4101-03 COMBUSTIBLES Y LUBRICANTES,,2026-06-01T00:00:00.000Z,0,4586847,2026-09-24T11:09:23.394Z
40025795,4,Total Pérdidas,4101 COSTOS DE EXPLOTACION,4101-03 COMBUSTIBLES Y LUBRICANTES,,2026-07-01T00:00:00.000Z,0,3224129,2026-09-24T11:09:23.394Z
40025795,4,Total Pérdidas,4101 COSTOS DE EXPLOTACION,4101-03 COMBUSTIBLES Y LUBRICANTES,,2026-08-01T00:00:00.000Z,0,2971676,2026-09-24T11:09:23.394Z
40025798,4,Total Pérdidas,4101 COSTOS DE EXPLOTACION,4101-08 FLETES Y GASTOS DESPACHO,,2026-01-01T00:00:00.000Z,0,5895000,2026-09-24T11:09:23.394Z
40025798,4,Total Pérdidas,4101 COSTOS DE EXPLOTACION,4101-08 FLETES Y GASTOS DESPACHO,,2026-02-01T00:00:00.000Z,0,4785000,2026-09-24T11:09:23.394Z
40025798,4,Total Pérdidas,4101 COSTOS DE EXPLOTACION,4101-08 FLETES Y GASTOS DESPACHO,,2026-04-01T00:00:00.000Z,0,4455000,2026-09-24T11:09:23.394Z
40025798,4,Total Pérdidas,4101 COSTOS DE EXPLOTACION,4101-08 FLETES Y GASTOS DESPACHO,,2026-05-01T00:00:00.000Z,0,22995000,2026-09-24T11:09:23.394Z
40025798,4,Total Pérdidas,4101 COSTOS DE EXPLOTACION,4101-08 FLETES Y GASTOS DESPACHO,,2026-06-01T00:00:00.000Z,0,8810000,2026-09-24T11:09:23.394Z
40025798,4,Total Pérdidas,4101 COSTOS DE EXPLOTACION,4101-08 FLETES Y GASTOS DESPACHO,,2026-07-01T00:00:00.000Z,0,8805000,2026-09-24T11:09:23.394Z
40025798,4,Total Pérdidas,4101 COSTOS DE EXPLOTACION,4101-08 FLETES Y GASTOS DESPACHO,,2026-08-01T00:00:00.000Z,0,9075000,2026-09-24T11:09:23.394Z
40025800,4,Total Pérdidas,4101 COSTOS DE EXPLOTACION,4101-10 MANTENCION MAQUINARIAS,,2026-01-01T00:00:00.000Z,0,491507,2026-09-24T11:09:23.394Z
40025800,4,Total Pérdidas,4101 COSTOS DE EXPLOTACION,4101-10 MANTENCION MAQUINARIAS,,2026-02-01T00:00:00.000Z,0,208983,2026-09-24T11:09:23.394Z
40025800,4,Total Pérdidas,4101 COSTOS DE EXPLOTACION,4101-10 MANTENCION MAQUINARIAS,,2026-03-01T00:00:00.000Z,0,1341163,2026-09-24T11:09:23.394Z
40025800,4,Total Pérdidas,4101 COSTOS DE EXPLOTACION,4101-10 MANTENCION MAQUINARIAS,,2026-04-01T00:00:00.000Z,0,240000,2026-09-24T11:09:23.394Z
40025800,4,Total Pérdidas,4101 COSTOS DE EXPLOTACION,4101-10 MANTENCION MAQUINARIAS,,2026-05-01T00:00:00.000Z,0,1880313,2026-09-24T11:09:23.394Z
40025800,4,Total Pérdidas,4101 COSTOS DE EXPLOTACION,4101-10 MANTENCION MAQUINARIAS,,2026-06-01T00:00:00.000Z,0,180000,2026-09-24T11:09:23.394Z
40025800,4,Total Pérdidas,4101 COSTOS DE EXPLOTACION,4101-10 MANTENCION MAQUINARIAS,,2026-07-01T00:00:00.000Z,0,180000,2026-09-24T11:09:23.394Z
40025800,4,Total Pérdidas,4101 COSTOS DE EXPLOTACION,4101-10 MANTENCION MAQUINARIAS,,2026-08-01T00:00:00.000Z,0,918364,2026-09-24T11:09:23.394Z
40025939,4,Total Pérdidas,4101 COSTOS DE EXPLOTACION,4101-21 GASTO DE LUZ,,2026-01-01T00:00:00.000Z,0,2792683,2026-09-24T11:09:23.394Z
40025939,4,Total Pérdidas,4101 COSTOS DE EXPLOTACION,4101-21 GASTO DE LUZ,,2026-02-01T00:00:00.000Z,0,2710501,2026-09-24T11:09:23.394Z
40025939,4,Total Pérdidas,4101 COSTOS DE EXPLOTACION,4101-21 GASTO DE LUZ,,2026-03-01T00:00:00.000Z,0,2866086,2026-09-24T11:09:23.394Z
40025939,4,Total Pérdidas,4101 COSTOS DE EXPLOTACION,4101-21 GASTO DE LUZ,,2026-04-01T00:00:00.000Z,0,2453409,2026-09-24T11:09:23.394Z
40025939,4,Total Pérdidas,4101 COSTOS DE EXPLOTACION,4101-21 GASTO DE LUZ,,2026-05-01T00:00:00.000Z,0,2948645,2026-09-24T11:09:23.394Z
40025939,4,Total Pérdidas,4101 COSTOS DE EXPLOTACION,4101-21 GASTO DE LUZ,,2026-06-01T00:00:00.000Z,0,2202363,2026-09-24T11:09:23.394Z
40025939,4,Total Pérdidas,4101 COSTOS DE EXPLOTACION,4101-21 GASTO DE LUZ,,2026-07-01T00:00:00.000Z,0,2596767,2026-09-24T11:09:23.394Z
40025939,4,Total Pérdidas,4101 COSTOS DE EXPLOTACION,4101-21 GASTO DE LUZ,,2026-08-01T00:00:00.000Z,0,2658073,2026-09-24T11:09:23.394Z
40025940,4,Total Pérdidas,4101 COSTOS DE EXPLOTACION,4101-23 GASTOS AGUA,,2026-01-01T00:00:00.000Z,0,170460,2026-09-24T11:09:23.394Z
40025940,4,Total Pérdidas,4101 COSTOS DE EXPLOTACION,4101-23 GASTOS AGUA,,2026-02-01T00:00:00.000Z,0,40000,2026-09-24T11:09:23.394Z
40025940,4,Total Pérdidas,4101 COSTOS DE EXPLOTACION,4101-23 GASTOS AGUA,,2026-03-01T00:00:00.000Z,0,139170,2026-09-24T11:09:23.394Z
40025940,4,Total Pérdidas,4101 COSTOS DE EXPLOTACION,4101-23 GASTOS AGUA,,2026-04-01T00:00:00.000Z,0,158050,2026-09-24T11:09:23.394Z
40025940,4,Total Pérdidas,4101 COSTOS DE EXPLOTACION,4101-23 GASTOS AGUA,,2026-05-01T00:00:00.000Z,0,149110,2026-09-24T11:09:23.394Z
40025940,4,Total Pérdidas,4101 COSTOS DE EXPLOTACION,4101-23 GASTOS AGUA,,2026-06-01T00:00:00.000Z,0,94050,2026-09-24T11:09:23.394Z
40025940,4,Total Pérdidas,4101 COSTOS DE EXPLOTACION,4101-23 GASTOS AGUA,,2026-07-01T00:00:00.000Z,0,436600,2026-09-24T11:09:23.394Z
40025940,4,Total Pérdidas,4101 COSTOS DE EXPLOTACION,4101-23 GASTOS AGUA,,2026-08-01T00:00:00.000Z,0,447780,2026-09-24T11:09:23.394Z
40025978,4,Total Pérdidas,4101 COSTOS DE EXPLOTACION,4101-31 ASESORIAS,,2026-06-01T00:00:00.000Z,0,203952,2026-09-24T11:09:23.394Z
40026296,4,Total Pérdidas,4101 COSTOS DE EXPLOTACION,4101-43 ASESORIAS CONTABLES,,2026-01-01T00:00:00.000Z,0,2526588,2026-09-24T11:09:23.394Z
40026296,4,Total Pérdidas,4101 COSTOS DE EXPLOTACION,4101-43 ASESORIAS CONTABLES,,2026-02-01T00:00:00.000Z,0,738547,2026-09-24T11:09:23.394Z
40026296,4,Total Pérdidas,4101 COSTOS DE EXPLOTACION,4101-43 ASESORIAS CONTABLES,,2026-03-01T00:00:00.000Z,0,739719,2026-09-24T11:09:23.394Z
40026296,4,Total Pérdidas,4101 COSTOS DE EXPLOTACION,4101-43 ASESORIAS CONTABLES,,2026-04-01T00:00:00.000Z,0,744038,2026-09-24T11:09:23.394Z
40026296,4,Total Pérdidas,4101 COSTOS DE EXPLOTACION,4101-43 ASESORIAS CONTABLES,,2026-05-01T00:00:00.000Z,0,752770,2026-09-24T11:09:23.394Z
40026296,4,Total Pérdidas,4101 COSTOS DE EXPLOTACION,4101-43 ASESORIAS CONTABLES,,2026-06-01T00:00:00.000Z,0,757406,2026-09-24T11:09:23.394Z
40026296,4,Total Pérdidas,4101 COSTOS DE EXPLOTACION,4101-43 ASESORIAS CONTABLES,,2026-07-01T00:00:00.000Z,0,758420,2026-09-24T11:09:23.394Z
40026296,4,Total Pérdidas,4101 COSTOS DE EXPLOTACION,4101-43 ASESORIAS CONTABLES,,2026-08-01T00:00:00.000Z,0,758784,2026-09-24T11:09:23.394Z
40026297,4,Total Pérdidas,4101 COSTOS DE EXPLOTACION,4101-44 ASESORIAS LEGALES,,2026-01-01T00:00:00.000Z,0,397110,2026-09-24T11:09:23.394Z
40026297,4,Total Pérdidas,4101 COSTOS DE EXPLOTACION,4101-44 ASESORIAS LEGALES,,2026-03-01T00:00:00.000Z,0,796420,2026-09-24T11:09:23.394Z
40026297,4,Total Pérdidas,4101 COSTOS DE EXPLOTACION,4101-44 ASESORIAS LEGALES,,2026-04-01T00:00:00.000Z,0,401200,2026-09-24T11:09:23.394Z
40026297,4,Total Pérdidas,4101 COSTOS DE EXPLOTACION,4101-44 ASESORIAS LEGALES,,2026-06-01T00:00:00.000Z,0,814470,2026-09-24T11:09:23.394Z
40026297,4,Total Pérdidas,4101 COSTOS DE EXPLOTACION,4101-44 ASESORIAS LEGALES,,2026-07-01T00:00:00.000Z,0,408440,2026-09-24T11:09:23.394Z
40026297,4,Total Pérdidas,4101 COSTOS DE EXPLOTACION,4101-44 ASESORIAS LEGALES,,2026-08-01T00:00:00.000Z,0,408730,2026-09-24T11:09:23.394Z
40025809,4,Total Pérdidas,4201 GASTOS DE ADMINISTRACION,4201-01 REMUNERACIONES TRABAJADORES,,2026-01-01T00:00:00.000Z,0,7155096,2026-09-24T11:09:23.394Z
40025809,4,Total Pérdidas,4201 GASTOS DE ADMINISTRACION,4201-01 REMUNERACIONES TRABAJADORES,,2026-02-01T00:00:00.000Z,0,7681335,2026-09-24T11:09:23.394Z
40025809,4,Total Pérdidas,4201 GASTOS DE ADMINISTRACION,4201-01 REMUNERACIONES TRABAJADORES,,2026-03-01T00:00:00.000Z,0,7681398,2026-09-24T11:09:23.394Z
40025809,4,Total Pérdidas,4201 GASTOS DE ADMINISTRACION,4201-01 REMUNERACIONES TRABAJADORES,,2026-04-01T00:00:00.000Z,0,8280953,2026-09-24T11:09:23.394Z
40025809,4,Total Pérdidas,4201 GASTOS DE ADMINISTRACION,4201-01 REMUNERACIONES TRABAJADORES,,2026-05-01T00:00:00.000Z,0,8264653,2026-09-24T11:09:23.394Z
40025809,4,Total Pérdidas,4201 GASTOS DE ADMINISTRACION,4201-01 REMUNERACIONES TRABAJADORES,,2026-06-01T00:00:00.000Z,0,8212574,2026-09-24T11:09:23.394Z
40025809,4,Total Pérdidas,4201 GASTOS DE ADMINISTRACION,4201-01 REMUNERACIONES TRABAJADORES,,2026-07-01T00:00:00.000Z,0,9329100,2026-09-24T11:09:23.394Z
40025809,4,Total Pérdidas,4201 GASTOS DE ADMINISTRACION,4201-01 REMUNERACIONES TRABAJADORES,,2026-08-01T00:00:00.000Z,0,8295159,2026-09-24T11:09:23.394Z
40025810,4,Total Pérdidas,4201 GASTOS DE ADMINISTRACION,4201-02 HONORARIOS PROFESIONALES,,2026-01-01T00:00:00.000Z,0,298985,2026-09-24T11:09:23.394Z
40025810,4,Total Pérdidas,4201 GASTOS DE ADMINISTRACION,4201-02 HONORARIOS PROFESIONALES,,2026-02-01T00:00:00.000Z,0,147493,2026-09-24T11:09:23.394Z
40025810,4,Total Pérdidas,4201 GASTOS DE ADMINISTRACION,4201-02 HONORARIOS PROFESIONALES,,2026-03-01T00:00:00.000Z,0,935693,2026-09-24T11:09:23.394Z
40025810,4,Total Pérdidas,4201 GASTOS DE ADMINISTRACION,4201-02 HONORARIOS PROFESIONALES,,2026-04-01T00:00:00.000Z,0,8500,2026-09-24T11:09:23.394Z
40025810,4,Total Pérdidas,4201 GASTOS DE ADMINISTRACION,4201-02 HONORARIOS PROFESIONALES,,2026-05-01T00:00:00.000Z,0,4143009,2026-09-24T11:09:23.394Z
40025810,4,Total Pérdidas,4201 GASTOS DE ADMINISTRACION,4201-02 HONORARIOS PROFESIONALES,,2026-06-01T00:00:00.000Z,0,346903,2026-09-24T11:09:23.394Z
40025810,4,Total Pérdidas,4201 GASTOS DE ADMINISTRACION,4201-02 HONORARIOS PROFESIONALES,,2026-07-01T00:00:00.000Z,0,3815310,2026-09-24T11:09:23.394Z
40025810,4,Total Pérdidas,4201 GASTOS DE ADMINISTRACION,4201-02 HONORARIOS PROFESIONALES,,2026-08-01T00:00:00.000Z,0,1094396,2026-09-24T11:09:23.394Z
40025811,4,Total Pérdidas,4201 GASTOS DE ADMINISTRACION,4201-03 LEYES SOCIALES,,2026-01-01T00:00:00.000Z,0,48068,2026-09-24T11:09:23.394Z
40025811,4,Total Pérdidas,4201 GASTOS DE ADMINISTRACION,4201-03 LEYES SOCIALES,,2026-02-01T00:00:00.000Z,0,91164,2026-09-24T11:09:23.394Z
40025811,4,Total Pérdidas,4201 GASTOS DE ADMINISTRACION,4201-03 LEYES SOCIALES,,2026-03-01T00:00:00.000Z,0,93838,2026-09-24T11:09:23.394Z
40025811,4,Total Pérdidas,4201 GASTOS DE ADMINISTRACION,4201-03 LEYES SOCIALES,,2026-04-01T00:00:00.000Z,0,155049,2026-09-24T11:09:23.394Z
40025811,4,Total Pérdidas,4201 GASTOS DE ADMINISTRACION,4201-03 LEYES SOCIALES,,2026-05-01T00:00:00.000Z,0,174243,2026-09-24T11:09:23.394Z
40025811,4,Total Pérdidas,4201 GASTOS DE ADMINISTRACION,4201-03 LEYES SOCIALES,,2026-06-01T00:00:00.000Z,0,157472,2026-09-24T11:09:23.394Z
40025811,4,Total Pérdidas,4201 GASTOS DE ADMINISTRACION,4201-03 LEYES SOCIALES,,2026-07-01T00:00:00.000Z,0,169647,2026-09-24T11:09:23.394Z
40025811,4,Total Pérdidas,4201 GASTOS DE ADMINISTRACION,4201-03 LEYES SOCIALES,,2026-08-01T00:00:00.000Z,0,181712,2026-09-24T11:09:23.394Z
40025812,4,Total Pérdidas,4201 GASTOS DE ADMINISTRACION,4201-04 GASTOS DE OFICINA,,2026-01-01T00:00:00.000Z,0,132099,2026-09-24T11:09:23.394Z
40025812,4,Total Pérdidas,4201 GASTOS DE ADMINISTRACION,4201-04 GASTOS DE OFICINA,,2026-02-01T00:00:00.000Z,0,516975,2026-09-24T11:09:23.394Z
40025812,4,Total Pérdidas,4201 GASTOS DE ADMINISTRACION,4201-04 GASTOS DE OFICINA,,2026-03-01T00:00:00.000Z,0,298942,2026-09-24T11:09:23.394Z
40025812,4,Total Pérdidas,4201 GASTOS DE ADMINISTRACION,4201-04 GASTOS DE OFICINA,,2026-04-01T00:00:00.000Z,0,576812,2026-09-24T11:09:23.394Z
40025812,4,Total Pérdidas,4201 GASTOS DE ADMINISTRACION,4201-04 GASTOS DE OFICINA,,2026-05-01T00:00:00.000Z,0,627149,2026-09-24T11:09:23.394Z
40025812,4,Total Pérdidas,4201 GASTOS DE ADMINISTRACION,4201-04 GASTOS DE OFICINA,,2026-06-01T00:00:00.000Z,0,3151,2026-09-24T11:09:23.394Z
40025812,4,Total Pérdidas,4201 GASTOS DE ADMINISTRACION,4201-04 GASTOS DE OFICINA,,2026-07-01T00:00:00.000Z,0,445220,2026-09-24T11:09:23.394Z
40025812,4,Total Pérdidas,4201 GASTOS DE ADMINISTRACION,4201-04 GASTOS DE OFICINA,,2026-08-01T00:00:00.000Z,0,460864,2026-09-24T11:09:23.394Z
40025813,4,Total Pérdidas,4201 GASTOS DE ADMINISTRACION,4201-05 IMPUESTOS Y PATENTES,,2026-04-01T00:00:00.000Z,0,70447,2026-09-24T11:09:23.394Z
40025813,4,Total Pérdidas,4201 GASTOS DE ADMINISTRACION,4201-05 IMPUESTOS Y PATENTES,,2026-08-01T00:00:00.000Z,0,1029482,2026-09-24T11:09:23.394Z
40025814,4,Total Pérdidas,4201 GASTOS DE ADMINISTRACION,4201-06 MANT VEHICULOS Y EQ TRANSP,,2026-01-01T00:00:00.000Z,0,50000,2026-09-24T11:09:23.394Z
40025814,4,Total Pérdidas,4201 GASTOS DE ADMINISTRACION,4201-06 MANT VEHICULOS Y EQ TRANSP,,2026-02-01T00:00:00.000Z,0,506272,2026-09-24T11:09:23.394Z
40025814,4,Total Pérdidas,4201 GASTOS DE ADMINISTRACION,4201-06 MANT VEHICULOS Y EQ TRANSP,,2026-03-01T00:00:00.000Z,0,1368609,2026-09-24T11:09:23.394Z
40025814,4,Total Pérdidas,4201 GASTOS DE ADMINISTRACION,4201-06 MANT VEHICULOS Y EQ TRANSP,,2026-04-01T00:00:00.000Z,0,778154,2026-09-24T11:09:23.394Z
40025814,4,Total Pérdidas,4201 GASTOS DE ADMINISTRACION,4201-06 MANT VEHICULOS Y EQ TRANSP,,2026-05-01T00:00:00.000Z,0,239370,2026-09-24T11:09:23.394Z
40025814,4,Total Pérdidas,4201 GASTOS DE ADMINISTRACION,4201-06 MANT VEHICULOS Y EQ TRANSP,,2026-06-01T00:00:00.000Z,0,448930,2026-09-24T11:09:23.394Z
40025814,4,Total Pérdidas,4201 GASTOS DE ADMINISTRACION,4201-06 MANT VEHICULOS Y EQ TRANSP,,2026-07-01T00:00:00.000Z,0,207403,2026-09-24T11:09:23.394Z
40025814,4,Total Pérdidas,4201 GASTOS DE ADMINISTRACION,4201-06 MANT VEHICULOS Y EQ TRANSP,,2026-08-01T00:00:00.000Z,0,1607277,2026-09-24T11:09:23.394Z
40025815,4,Total Pérdidas,4201 GASTOS DE ADMINISTRACION,4201-07 MANTENC. EQUIP. Y EDIFICIOS,,2026-01-01T00:00:00.000Z,0,1476435,2026-09-24T11:09:23.394Z
40025815,4,Total Pérdidas,4201 GASTOS DE ADMINISTRACION,4201-07 MANTENC. EQUIP. Y EDIFICIOS,,2026-02-01T00:00:00.000Z,0,520060,2026-09-24T11:09:23.394Z
40025815,4,Total Pérdidas,4201 GASTOS DE ADMINISTRACION,4201-07 MANTENC. EQUIP. Y EDIFICIOS,,2026-03-01T00:00:00.000Z,0,839633,2026-09-24T11:09:23.394Z
40025815,4,Total Pérdidas,4201 GASTOS DE ADMINISTRACION,4201-07 MANTENC. EQUIP. Y EDIFICIOS,,2026-04-01T00:00:00.000Z,0,819592,2026-09-24T11:09:23.394Z
40025815,4,Total Pérdidas,4201 GASTOS DE ADMINISTRACION,4201-07 MANTENC. EQUIP. Y EDIFICIOS,,2026-05-01T00:00:00.000Z,0,1251470,2026-09-24T11:09:23.394Z
40025815,4,Total Pérdidas,4201 GASTOS DE ADMINISTRACION,4201-07 MANTENC. EQUIP. Y EDIFICIOS,,2026-06-01T00:00:00.000Z,0,369142,2026-09-24T11:09:23.394Z
40025815,4,Total Pérdidas,4201 GASTOS DE ADMINISTRACION,4201-07 MANTENC. EQUIP. Y EDIFICIOS,,2026-07-01T00:00:00.000Z,0,2657950,2026-09-24T11:09:23.394Z
40025815,4,Total Pérdidas,4201 GASTOS DE ADMINISTRACION,4201-07 MANTENC. EQUIP. Y EDIFICIOS,,2026-08-01T00:00:00.000Z,0,999194,2026-09-24T11:09:23.394Z
40025818,4,Total Pérdidas,4201 GASTOS DE ADMINISTRACION,4201-10 GASTOS BANCARIOS,,2026-01-01T00:00:00.000Z,0,1217,2026-09-24T11:09:23.394Z
40025818,4,Total Pérdidas,4201 GASTOS DE ADMINISTRACION,4201-10 GASTOS BANCARIOS,,2026-02-01T00:00:00.000Z,0,1217,2026-09-24T11:09:23.394Z
40025818,4,Total Pérdidas,4201 GASTOS DE ADMINISTRACION,4201-10 GASTOS BANCARIOS,,2026-03-01T00:00:00.000Z,0,837437,2026-09-24T11:09:23.394Z
40025818,4,Total Pérdidas,4201 GASTOS DE ADMINISTRACION,4201-10 GASTOS BANCARIOS,,2026-04-01T00:00:00.000Z,0,29779,2026-09-24T11:09:23.394Z
40025818,4,Total Pérdidas,4201 GASTOS DE ADMINISTRACION,4201-10 GASTOS BANCARIOS,,2026-06-01T00:00:00.000Z,0,127094,2026-09-24T11:09:23.394Z
40025818,4,Total Pérdidas,4201 GASTOS DE ADMINISTRACION,4201-10 GASTOS BANCARIOS,,2026-07-01T00:00:00.000Z,0,47685,2026-09-24T11:09:23.394Z
40025819,4,Total Pérdidas,4201 GASTOS DE ADMINISTRACION,4201-11 INTERESES Y MULTAS,,2026-06-01T00:00:00.000Z,0,26815,2026-09-24T11:09:23.394Z
40025820,4,Total Pérdidas,4201 GASTOS DE ADMINISTRACION,4201-12 LEGALES Y NOTARIALES,,2026-01-01T00:00:00.000Z,0,63272,2026-09-24T11:09:23.394Z
40025820,4,Total Pérdidas,4201 GASTOS DE ADMINISTRACION,4201-12 LEGALES Y NOTARIALES,,2026-04-01T00:00:00.000Z,0,8500,2026-09-24T11:09:23.394Z
40025822,4,Total Pérdidas,4201 GASTOS DE ADMINISTRACION,4201-14 GRATIFICACIONES,,2026-01-01T00:00:00.000Z,0,163774,2026-09-24T11:09:23.394Z
40025822,4,Total Pérdidas,4201 GASTOS DE ADMINISTRACION,4201-14 GRATIFICACIONES,,2026-02-01T00:00:00.000Z,0,296990,2026-09-24T11:09:23.394Z
40025822,4,Total Pérdidas,4201 GASTOS DE ADMINISTRACION,4201-14 GRATIFICACIONES,,2026-03-01T00:00:00.000Z,0,305391,2026-09-24T11:09:23.394Z
40025822,4,Total Pérdidas,4201 GASTOS DE ADMINISTRACION,4201-14 GRATIFICACIONES,,2026-04-01T00:00:00.000Z,0,488440,2026-09-24T11:09:23.394Z
40025822,4,Total Pérdidas,4201 GASTOS DE ADMINISTRACION,4201-14 GRATIFICACIONES,,2026-05-01T00:00:00.000Z,0,543533,2026-09-24T11:09:23.394Z
40025822,4,Total Pérdidas,4201 GASTOS DE ADMINISTRACION,4201-14 GRATIFICACIONES,,2026-06-01T00:00:00.000Z,0,495831,2026-09-24T11:09:23.394Z
40025822,4,Total Pérdidas,4201 GASTOS DE ADMINISTRACION,4201-14 GRATIFICACIONES,,2026-07-01T00:00:00.000Z,0,485925,2026-09-24T11:09:23.394Z
40025822,4,Total Pérdidas,4201 GASTOS DE ADMINISTRACION,4201-14 GRATIFICACIONES,,2026-08-01T00:00:00.000Z,0,502354,2026-09-24T11:09:23.394Z
40025826,4,Total Pérdidas,4201 GASTOS DE ADMINISTRACION,4201-18 SEGUROS,,2026-01-01T00:00:00.000Z,0,332397,2026-09-24T11:09:23.394Z
40025826,4,Total Pérdidas,4201 GASTOS DE ADMINISTRACION,4201-18 SEGUROS,,2026-02-01T00:00:00.000Z,0,553206,2026-09-24T11:09:23.394Z
40025826,4,Total Pérdidas,4201 GASTOS DE ADMINISTRACION,4201-18 SEGUROS,,2026-03-01T00:00:00.000Z,0,1864915,2026-09-24T11:09:23.394Z
40025826,4,Total Pérdidas,4201 GASTOS DE ADMINISTRACION,4201-18 SEGUROS,,2026-04-01T00:00:00.000Z,0,250875,2026-09-24T11:09:23.394Z
40025826,4,Total Pérdidas,4201 GASTOS DE ADMINISTRACION,4201-18 SEGUROS,,2026-05-01T00:00:00.000Z,0,312946,2026-09-24T11:09:23.394Z
40025826,4,Total Pérdidas,4201 GASTOS DE ADMINISTRACION,4201-18 SEGUROS,,2026-06-01T00:00:00.000Z,0,417625,2026-09-24T11:09:23.394Z
40025826,4,Total Pérdidas,4201 GASTOS DE ADMINISTRACION,4201-18 SEGUROS,,2026-07-01T00:00:00.000Z,0,426184,2026-09-24T11:09:23.394Z
40025826,4,Total Pérdidas,4201 GASTOS DE ADMINISTRACION,4201-18 SEGUROS,,2026-08-01T00:00:00.000Z,0,590794,2026-09-24T11:09:23.394Z
40026078,4,Total Pérdidas,4201 GASTOS DE ADMINISTRACION,4201-21 Peajes,,2026-01-01T00:00:00.000Z,0,551165,2026-09-24T11:09:23.394Z
40026078,4,Total Pérdidas,4201 GASTOS DE ADMINISTRACION,4201-21 Peajes,,2026-02-01T00:00:00.000Z,0,814489,2026-09-24T11:09:23.394Z
40026078,4,Total Pérdidas,4201 GASTOS DE ADMINISTRACION,4201-21 Peajes,,2026-03-01T00:00:00.000Z,0,823229,2026-09-24T11:09:23.394Z
40026078,4,Total Pérdidas,4201 GASTOS DE ADMINISTRACION,4201-21 Peajes,,2026-04-01T00:00:00.000Z,0,1953119,2026-09-24T11:09:23.394Z
40026078,4,Total Pérdidas,4201 GASTOS DE ADMINISTRACION,4201-21 Peajes,,2026-05-01T00:00:00.000Z,0,3434481,2026-09-24T11:09:23.394Z
40026078,4,Total Pérdidas,4201 GASTOS DE ADMINISTRACION,4201-21 Peajes,,2026-06-01T00:00:00.000Z,0,1303234,2026-09-24T11:09:23.394Z
40026078,4,Total Pérdidas,4201 GASTOS DE ADMINISTRACION,4201-21 Peajes,,2026-07-01T00:00:00.000Z,0,759924,2026-09-24T11:09:23.394Z
40026078,4,Total Pérdidas,4201 GASTOS DE ADMINISTRACION,4201-21 Peajes,,2026-08-01T00:00:00.000Z,0,825023,2026-09-24T11:09:23.394Z
40025829,4,Total Pérdidas,4201 GASTOS DE ADMINISTRACION,4201-25 GAS,,2026-01-01T00:00:00.000Z,0,414706,2026-09-24T11:09:23.394Z
40025829,4,Total Pérdidas,4201 GASTOS DE ADMINISTRACION,4201-25 GAS,,2026-04-01T00:00:00.000Z,0,663529,2026-09-24T11:09:23.394Z
40025829,4,Total Pérdidas,4201 GASTOS DE ADMINISTRACION,4201-25 GAS,,2026-06-01T00:00:00.000Z,0,867227,2026-09-24T11:09:23.394Z
40025829,4,Total Pérdidas,4201 GASTOS DE ADMINISTRACION,4201-25 GAS,,2026-07-01T00:00:00.000Z,0,422353,2026-09-24T11:09:23.394Z
40025829,4,Total Pérdidas,4201 GASTOS DE ADMINISTRACION,4201-25 GAS,,2026-08-01T00:00:00.000Z,0,874874,2026-09-24T11:09:23.394Z
40025830,4,Total Pérdidas,4201 GASTOS DE ADMINISTRACION,4201-26 LOCOMOCION Y COLACION,,2026-01-01T00:00:00.000Z,0,130000,2026-09-24T11:09:23.394Z
40025830,4,Total Pérdidas,4201 GASTOS DE ADMINISTRACION,4201-26 LOCOMOCION Y COLACION,,2026-02-01T00:00:00.000Z,0,173500,2026-09-24T11:09:23.394Z
40025830,4,Total Pérdidas,4201 GASTOS DE ADMINISTRACION,4201-26 LOCOMOCION Y COLACION,,2026-03-01T00:00:00.000Z,0,310020,2026-09-24T11:09:23.394Z
40025830,4,Total Pérdidas,4201 GASTOS DE ADMINISTRACION,4201-26 LOCOMOCION Y COLACION,,2026-04-01T00:00:00.000Z,0,190500,2026-09-24T11:09:23.394Z
40025830,4,Total Pérdidas,4201 GASTOS DE ADMINISTRACION,4201-26 LOCOMOCION Y COLACION,,2026-05-01T00:00:00.000Z,0,292800,2026-09-24T11:09:23.394Z
40025830,4,Total Pérdidas,4201 GASTOS DE ADMINISTRACION,4201-26 LOCOMOCION Y COLACION,,2026-06-01T00:00:00.000Z,0,216667,2026-09-24T11:09:23.394Z
40025830,4,Total Pérdidas,4201 GASTOS DE ADMINISTRACION,4201-26 LOCOMOCION Y COLACION,,2026-07-01T00:00:00.000Z,0,230000,2026-09-24T11:09:23.394Z
40025830,4,Total Pérdidas,4201 GASTOS DE ADMINISTRACION,4201-26 LOCOMOCION Y COLACION,,2026-08-01T00:00:00.000Z,0,230000,2026-09-24T11:09:23.394Z
40026001,4,Total Pérdidas,4201 GASTOS DE ADMINISTRACION,4201-45 INDEMNIZACIONES,,2026-02-01T00:00:00.000Z,0,39772183,2026-09-24T11:09:23.394Z
40026002,4,Total Pérdidas,4201 GASTOS DE ADMINISTRACION,4201-46 FERIADO LEGAL,,2026-02-01T00:00:00.000Z,0,11098147,2026-09-24T11:09:23.394Z
40026002,4,Total Pérdidas,4201 GASTOS DE ADMINISTRACION,4201-46 FERIADO LEGAL,,2026-05-01T00:00:00.000Z,0,98362,2026-09-24T11:09:23.394Z
40026003,4,Total Pérdidas,4201 GASTOS DE ADMINISTRACION,4201-47 HORAS EXTRAS,,2026-02-01T00:00:00.000Z,0,6625,2026-09-24T11:09:23.394Z
40026003,4,Total Pérdidas,4201 GASTOS DE ADMINISTRACION,4201-47 HORAS EXTRAS,,2026-03-01T00:00:00.000Z,0,40165,2026-09-24T11:09:23.394Z
40026003,4,Total Pérdidas,4201 GASTOS DE ADMINISTRACION,4201-47 HORAS EXTRAS,,2026-04-01T00:00:00.000Z,0,172802,2026-09-24T11:09:23.394Z
40026003,4,Total Pérdidas,4201 GASTOS DE ADMINISTRACION,4201-47 HORAS EXTRAS,,2026-05-01T00:00:00.000Z,0,350459,2026-09-24T11:09:23.394Z
40026003,4,Total Pérdidas,4201 GASTOS DE ADMINISTRACION,4201-47 HORAS EXTRAS,,2026-06-01T00:00:00.000Z,0,234214,2026-09-24T11:09:23.394Z
40026003,4,Total Pérdidas,4201 GASTOS DE ADMINISTRACION,4201-47 HORAS EXTRAS,,2026-07-01T00:00:00.000Z,0,235542,2026-09-24T11:09:23.394Z
40026003,4,Total Pérdidas,4201 GASTOS DE ADMINISTRACION,4201-47 HORAS EXTRAS,,2026-08-01T00:00:00.000Z,0,214256,2026-09-24T11:09:23.394Z
40026069,4,Total Pérdidas,4201 GASTOS DE ADMINISTRACION,4201-49 UNIFORME PERSONAL,,2026-02-01T00:00:00.000Z,0,238618,2026-09-24T11:09:23.394Z
40026069,4,Total Pérdidas,4201 GASTOS DE ADMINISTRACION,4201-49 UNIFORME PERSONAL,,2026-03-01T00:00:00.000Z,0,60071,2026-09-24T11:09:23.394Z
40026069,4,Total Pérdidas,4201 GASTOS DE ADMINISTRACION,4201-49 UNIFORME PERSONAL,,2026-04-01T00:00:00.000Z,0,27723,2026-09-24T11:09:23.394Z
40026069,4,Total Pérdidas,4201 GASTOS DE ADMINISTRACION,4201-49 UNIFORME PERSONAL,,2026-05-01T00:00:00.000Z,0,266780,2026-09-24T11:09:23.394Z
40026069,4,Total Pérdidas,4201 GASTOS DE ADMINISTRACION,4201-49 UNIFORME PERSONAL,,2026-06-01T00:00:00.000Z,0,69900,2026-09-24T11:09:23.394Z
40026069,4,Total Pérdidas,4201 GASTOS DE ADMINISTRACION,4201-49 UNIFORME PERSONAL,,2026-07-01T00:00:00.000Z,0,464751,2026-09-24T11:09:23.394Z
40026069,4,Total Pérdidas,4201 GASTOS DE ADMINISTRACION,4201-49 UNIFORME PERSONAL,,2026-08-01T00:00:00.000Z,0,113240,2026-09-24T11:09:23.394Z
40026133,4,Total Pérdidas,4201 GASTOS DE ADMINISTRACION,4201-50 CONTRIBUCIONES,,2026-02-01T00:00:00.000Z,0,209345,2026-09-24T11:09:23.394Z
40026220,4,Total Pérdidas,4201 GASTOS DE ADMINISTRACION,4201-52 GASTO DE CORREO,,2026-05-01T00:00:00.000Z,0,59900,2026-09-24T11:09:23.394Z
40026409,4,Total Pérdidas,4201 GASTOS DE ADMINISTRACION,4201-83 BONOS,,2026-05-01T00:00:00.000Z,0,76558,2026-09-24T11:09:23.394Z
40026409,4,Total Pérdidas,4201 GASTOS DE ADMINISTRACION,4201-83 BONOS,,2026-06-01T00:00:00.000Z,0,36534,2026-09-24T11:09:23.394Z
40026451,4,Total Pérdidas,4201 GASTOS DE ADMINISTRACION,4201-86 LICENCIA DE MARCA,,2026-05-01T00:00:00.000Z,0,19980,2026-09-24T11:09:23.394Z
40026451,4,Total Pérdidas,4201 GASTOS DE ADMINISTRACION,4201-86 LICENCIA DE MARCA,,2026-06-01T00:00:00.000Z,0,20962,2026-09-24T11:09:23.394Z
40026529,4,Total Pérdidas,4201 GASTOS DE ADMINISTRACION,4201-95 INTERES FACTORING,,2026-02-01T00:00:00.000Z,0,325400,2026-09-24T11:09:23.394Z
40026572,4,Total Pérdidas,4201 GASTOS DE ADMINISTRACION,4201-99 GASTOS DE TELEFONO,,2026-01-01T00:00:00.000Z,0,149586,2026-09-24T11:09:23.394Z
40026572,4,Total Pérdidas,4201 GASTOS DE ADMINISTRACION,4201-99 GASTOS DE TELEFONO,,2026-02-01T00:00:00.000Z,0,368615,2026-09-24T11:09:23.394Z
40026572,4,Total Pérdidas,4201 GASTOS DE ADMINISTRACION,4201-99 GASTOS DE TELEFONO,,2026-03-01T00:00:00.000Z,0,295804,2026-09-24T11:09:23.394Z
40026572,4,Total Pérdidas,4201 GASTOS DE ADMINISTRACION,4201-99 GASTOS DE TELEFONO,,2026-04-01T00:00:00.000Z,0,381407,2026-09-24T11:09:23.394Z
40026572,4,Total Pérdidas,4201 GASTOS DE ADMINISTRACION,4201-99 GASTOS DE TELEFONO,,2026-05-01T00:00:00.000Z,0,174944,2026-09-24T11:09:23.394Z
40026572,4,Total Pérdidas,4201 GASTOS DE ADMINISTRACION,4201-99 GASTOS DE TELEFONO,,2026-06-01T00:00:00.000Z,0,214696,2026-09-24T11:09:23.394Z
40026572,4,Total Pérdidas,4201 GASTOS DE ADMINISTRACION,4201-99 GASTOS DE TELEFONO,,2026-07-01T00:00:00.000Z,0,225426,2026-09-24T11:09:23.394Z
40026572,4,Total Pérdidas,4201 GASTOS DE ADMINISTRACION,4201-99 GASTOS DE TELEFONO,,2026-08-01T00:00:00.000Z,0,230985,2026-09-24T11:09:23.394Z
40026667,4,Total Pérdidas,4202 GASTOS DE ADMINISTRACION 2,4202-03 INSUMOS DE LIMPIEZA,,2026-02-01T00:00:00.000Z,0,234706,2026-09-24T11:09:23.394Z
40026670,4,Total Pérdidas,4202 GASTOS DE ADMINISTRACION 2,4202-06 DERECHOS DE AGUA Y ACCESO,,2026-06-01T00:00:00.000Z,0,42017,2026-09-24T11:09:23.394Z
40026687,4,Total Pérdidas,4202 GASTOS DE ADMINISTRACION 2,4202-23 EQUIPO DE SEGURIDAD,,2026-02-01T00:00:00.000Z,0,131084,2026-09-24T11:09:23.394Z
40026687,4,Total Pérdidas,4202 GASTOS DE ADMINISTRACION 2,4202-23 EQUIPO DE SEGURIDAD,,2026-07-01T00:00:00.000Z,0,22009,2026-09-24T11:09:23.394Z
40026687,4,Total Pérdidas,4202 GASTOS DE ADMINISTRACION 2,4202-23 EQUIPO DE SEGURIDAD,,2026-08-01T00:00:00.000Z,0,709710,2026-09-24T11:09:23.394Z
40026857,4,Total Pérdidas,4202 GASTOS DE ADMINISTRACION 2,4202-37 CONVENIOS CENCOSUD,,2026-01-01T00:00:00.000Z,0,12107723,2026-09-24T11:09:23.394Z
40026857,4,Total Pérdidas,4202 GASTOS DE ADMINISTRACION 2,4202-37 CONVENIOS CENCOSUD,,2026-02-01T00:00:00.000Z,0,12759744,2026-09-24T11:09:23.394Z
40026857,4,Total Pérdidas,4202 GASTOS DE ADMINISTRACION 2,4202-37 CONVENIOS CENCOSUD,,2026-03-01T00:00:00.000Z,0,18209299,2026-09-24T11:09:23.394Z
40026857,4,Total Pérdidas,4202 GASTOS DE ADMINISTRACION 2,4202-37 CONVENIOS CENCOSUD,,2026-04-01T00:00:00.000Z,0,16868901,2026-09-24T11:09:23.394Z
40026857,4,Total Pérdidas,4202 GASTOS DE ADMINISTRACION 2,4202-37 CONVENIOS CENCOSUD,,2026-05-01T00:00:00.000Z,0,25221908,2026-09-24T11:09:23.394Z
40026857,4,Total Pérdidas,4202 GASTOS DE ADMINISTRACION 2,4202-37 CONVENIOS CENCOSUD,,2026-06-01T00:00:00.000Z,0,30810718,2026-09-24T11:09:23.394Z
40026857,4,Total Pérdidas,4202 GASTOS DE ADMINISTRACION 2,4202-37 CONVENIOS CENCOSUD,,2026-07-01T00:00:00.000Z,0,34860382,2026-09-24T11:09:23.394Z
40026857,4,Total Pérdidas,4202 GASTOS DE ADMINISTRACION 2,4202-37 CONVENIOS CENCOSUD,,2026-08-01T00:00:00.000Z,0,31363269,2026-09-24T11:09:23.394Z
40026858,4,Total Pérdidas,4202 GASTOS DE ADMINISTRACION 2,4202-38 CONVENIOS TOTTUS S,,2026-01-01T00:00:00.000Z,0,3748826,2026-09-24T11:09:23.394Z
40026858,4,Total Pérdidas,4202 GASTOS DE ADMINISTRACION 2,4202-38 CONVENIOS TOTTUS S,,2026-02-01T00:00:00.000Z,0,2809065,2026-09-24T11:09:23.394Z
40026858,4,Total Pérdidas,4202 GASTOS DE ADMINISTRACION 2,4202-38 CONVENIOS TOTTUS S,,2026-03-01T00:00:00.000Z,0,2584764,2026-09-24T11:09:23.394Z
40026858,4,Total Pérdidas,4202 GASTOS DE ADMINISTRACION 2,4202-38 CONVENIOS TOTTUS S,,2026-04-01T00:00:00.000Z,0,3876515,2026-09-24T11:09:23.394Z
40026858,4,Total Pérdidas,4202 GASTOS DE ADMINISTRACION 2,4202-38 CONVENIOS TOTTUS S,,2026-05-01T00:00:00.000Z,0,5546870,2026-09-24T11:09:23.394Z
40026858,4,Total Pérdidas,4202 GASTOS DE ADMINISTRACION 2,4202-38 CONVENIOS TOTTUS S,,2026-06-01T00:00:00.000Z,0,6549628,2026-09-24T11:09:23.394Z
40026858,4,Total Pérdidas,4202 GASTOS DE ADMINISTRACION 2,4202-38 CONVENIOS TOTTUS S,,2026-07-01T00:00:00.000Z,0,1678450,2026-09-24T11:09:23.394Z
40026858,4,Total Pérdidas,4202 GASTOS DE ADMINISTRACION 2,4202-38 CONVENIOS TOTTUS S,,2026-08-01T00:00:00.000Z,0,5696355,2026-09-24T11:09:23.394Z
40026861,4,Total Pérdidas,4202 GASTOS DE ADMINISTRACION 2,4202-41 ANALISIS LABORATORIO,,2026-04-01T00:00:00.000Z,0,270953,2026-09-24T11:09:23.394Z
40026861,4,Total Pérdidas,4202 GASTOS DE ADMINISTRACION 2,4202-41 ANALISIS LABORATORIO,,2026-05-01T00:00:00.000Z,0,120520,2026-09-24T11:09:23.394Z
40026861,4,Total Pérdidas,4202 GASTOS DE ADMINISTRACION 2,4202-41 ANALISIS LABORATORIO,,2026-06-01T00:00:00.000Z,0,244580,2026-09-24T11:09:23.394Z
40026944,4,Total Pérdidas,4202 GASTOS DE ADMINISTRACION 2,4202-59 BENEFICIOS DEL PERSONAL,,2026-01-01T00:00:00.000Z,0,39500,2026-09-24T11:09:23.394Z
40026944,4,Total Pérdidas,4202 GASTOS DE ADMINISTRACION 2,4202-59 BENEFICIOS DEL PERSONAL,,2026-05-01T00:00:00.000Z,0,202806,2026-09-24T11:09:23.394Z
40026944,4,Total Pérdidas,4202 GASTOS DE ADMINISTRACION 2,4202-59 BENEFICIOS DEL PERSONAL,,2026-06-01T00:00:00.000Z,0,79280,2026-09-24T11:09:23.394Z
40026587,4,Total Pérdidas,4204 FLUCTUACION DE CAMBIOS,4204-06 LICENCIAS Y SOFTWARE,,2026-01-01T00:00:00.000Z,0,79456,2026-09-24T11:09:23.394Z
40026587,4,Total Pérdidas,4204 FLUCTUACION DE CAMBIOS,4204-06 LICENCIAS Y SOFTWARE,,2026-02-01T00:00:00.000Z,0,79412,2026-09-24T11:09:23.394Z
40026587,4,Total Pérdidas,4204 FLUCTUACION DE CAMBIOS,4204-06 LICENCIAS Y SOFTWARE,,2026-03-01T00:00:00.000Z,0,19323,2026-09-24T11:09:23.394Z
40026587,4,Total Pérdidas,4204 FLUCTUACION DE CAMBIOS,4204-06 LICENCIAS Y SOFTWARE,,2026-04-01T00:00:00.000Z,0,79683,2026-09-24T11:09:23.394Z
40026587,4,Total Pérdidas,4204 FLUCTUACION DE CAMBIOS,4204-06 LICENCIAS Y SOFTWARE,,2026-05-01T00:00:00.000Z,0,80240,2026-09-24T11:09:23.394Z
40026587,4,Total Pérdidas,4204 FLUCTUACION DE CAMBIOS,4204-06 LICENCIAS Y SOFTWARE,,2026-06-01T00:00:00.000Z,0,81221,2026-09-24T11:09:23.394Z
40026587,4,Total Pérdidas,4204 FLUCTUACION DE CAMBIOS,4204-06 LICENCIAS Y SOFTWARE,,2026-07-01T00:00:00.000Z,0,186631,2026-09-24T11:09:23.394Z
40026587,4,Total Pérdidas,4204 FLUCTUACION DE CAMBIOS,4204-06 LICENCIAS Y SOFTWARE,,2026-08-01T00:00:00.000Z,0,81690,2026-09-24T11:09:23.394Z
40026591,4,Total Pérdidas,4204 FLUCTUACION DE CAMBIOS,4204-10 RECICLAJE / BASURA,,2026-06-01T00:00:00.000Z,0,467787,2026-09-24T11:09:23.394Z
40026591,4,Total Pérdidas,4204 FLUCTUACION DE CAMBIOS,4204-10 RECICLAJE / BASURA,,2026-07-01T00:00:00.000Z,0,468286,2026-09-24T11:09:23.394Z
40026591,4,Total Pérdidas,4204 FLUCTUACION DE CAMBIOS,4204-10 RECICLAJE / BASURA,,2026-08-01T00:00:00.000Z,0,200000,2026-09-24T11:09:23.394Z
40025841,4,Total Pérdidas,4205 GASTOS FINANCIEROS,4205-01 INTERESES Y REAJUSTES,,2026-01-01T00:00:00.000Z,0,7475,2026-09-24T11:09:23.394Z
40025841,4,Total Pérdidas,4205 GASTOS FINANCIEROS,4205-01 INTERESES Y REAJUSTES,,2026-04-01T00:00:00.000Z,0,1320,2026-09-24T11:09:23.394Z
40025921,4,Total Pérdidas,4205 GASTOS FINANCIEROS,4205-05 DEPRECIACION,,2026-01-01T00:00:00.000Z,0,1945957,2026-09-24T11:09:23.394Z
40025921,4,Total Pérdidas,4205 GASTOS FINANCIEROS,4205-05 DEPRECIACION,,2026-02-01T00:00:00.000Z,0,1945954,2026-09-24T11:09:23.394Z
40025921,4,Total Pérdidas,4205 GASTOS FINANCIEROS,4205-05 DEPRECIACION,,2026-03-01T00:00:00.000Z,0,1948419,2026-09-24T11:09:23.394Z
40025921,4,Total Pérdidas,4205 GASTOS FINANCIEROS,4205-05 DEPRECIACION,,2026-04-01T00:00:00.000Z,0,1695574,2026-09-24T11:09:23.394Z
40025921,4,Total Pérdidas,4205 GASTOS FINANCIEROS,4205-05 DEPRECIACION,,2026-05-01T00:00:00.000Z,0,1695573,2026-09-24T11:09:23.394Z
40025921,4,Total Pérdidas,4205 GASTOS FINANCIEROS,4205-05 DEPRECIACION,,2026-06-01T00:00:00.000Z,0,1695572,2026-09-24T11:09:23.394Z
40025921,4,Total Pérdidas,4205 GASTOS FINANCIEROS,4205-05 DEPRECIACION,,2026-07-01T00:00:00.000Z,0,1696424,2026-09-24T11:09:23.394Z
40025921,4,Total Pérdidas,4205 GASTOS FINANCIEROS,4205-05 DEPRECIACION,,2026-08-01T00:00:00.000Z,0,1710709,2026-09-24T11:09:23.394Z
40026139,4,Total Pérdidas,4301 GASTOS DE VENTAS,4301-07 COMISIONES BANCARIAS,,2026-01-01T00:00:00.000Z,0,445733,2026-09-24T11:09:23.394Z
40026139,4,Total Pérdidas,4301 GASTOS DE VENTAS,4301-07 COMISIONES BANCARIAS,,2026-02-01T00:00:00.000Z,0,389450,2026-09-24T11:09:23.394Z
40026139,4,Total Pérdidas,4301 GASTOS DE VENTAS,4301-07 COMISIONES BANCARIAS,,2026-03-01T00:00:00.000Z,0,645784,2026-09-24T11:09:23.394Z
40026139,4,Total Pérdidas,4301 GASTOS DE VENTAS,4301-07 COMISIONES BANCARIAS,,2026-04-01T00:00:00.000Z,0,242409,2026-09-24T11:09:23.394Z
40026139,4,Total Pérdidas,4301 GASTOS DE VENTAS,4301-07 COMISIONES BANCARIAS,,2026-05-01T00:00:00.000Z,0,248078,2026-09-24T11:09:23.394Z
40026139,4,Total Pérdidas,4301 GASTOS DE VENTAS,4301-07 COMISIONES BANCARIAS,,2026-06-01T00:00:00.000Z,0,410488,2026-09-24T11:09:23.394Z
40026139,4,Total Pérdidas,4301 GASTOS DE VENTAS,4301-07 COMISIONES BANCARIAS,,2026-07-01T00:00:00.000Z,0,166804,2026-09-24T11:09:23.394Z
40026139,4,Total Pérdidas,4301 GASTOS DE VENTAS,4301-07 COMISIONES BANCARIAS,,2026-08-01T00:00:00.000Z,0,45028,2026-09-24T11:09:23.394Z
40026935,4,Total Pérdidas,4301 GASTOS DE VENTAS,4301-20 COSTO PRODUCTO ENTERO,,2026-01-01T00:00:00.000Z,0,8642430,2026-09-24T11:09:23.394Z
40026935,4,Total Pérdidas,4301 GASTOS DE VENTAS,4301-20 COSTO PRODUCTO ENTERO,,2026-02-01T00:00:00.000Z,0,6382958,2026-09-24T11:09:23.394Z
40026935,4,Total Pérdidas,4301 GASTOS DE VENTAS,4301-20 COSTO PRODUCTO ENTERO,,2026-03-01T00:00:00.000Z,0,8610998,2026-09-24T11:09:23.394Z
40026935,4,Total Pérdidas,4301 GASTOS DE VENTAS,4301-20 COSTO PRODUCTO ENTERO,,2026-04-01T00:00:00.000Z,0,13231243,2026-09-24T11:09:23.394Z
40026935,4,Total Pérdidas,4301 GASTOS DE VENTAS,4301-20 COSTO PRODUCTO ENTERO,,2026-05-01T00:00:00.000Z,0,24194260,2026-09-24T11:09:23.394Z
40026935,4,Total Pérdidas,4301 GASTOS DE VENTAS,4301-20 COSTO PRODUCTO ENTERO,,2026-06-01T00:00:00.000Z,0,17058477,2026-09-24T11:09:23.394Z
40026935,4,Total Pérdidas,4301 GASTOS DE VENTAS,4301-20 COSTO PRODUCTO ENTERO,,2026-07-01T00:00:00.000Z,0,22917518,2026-09-24T11:09:23.394Z
40026935,4,Total Pérdidas,4301 GASTOS DE VENTAS,4301-20 COSTO PRODUCTO ENTERO,,2026-08-01T00:00:00.000Z,0,13220173,2026-09-24T11:09:23.394Z
40026936,4,Total Pérdidas,4301 GASTOS DE VENTAS,4301-21 COSTO PRODUCTO TROZADO,,2026-01-01T00:00:00.000Z,0,7888118,2026-09-24T11:09:23.394Z
40026936,4,Total Pérdidas,4301 GASTOS DE VENTAS,4301-21 COSTO PRODUCTO TROZADO,,2026-02-01T00:00:00.000Z,0,6506153,2026-09-24T11:09:23.394Z
40026936,4,Total Pérdidas,4301 GASTOS DE VENTAS,4301-21 COSTO PRODUCTO TROZADO,,2026-03-01T00:00:00.000Z,0,8843766,2026-09-24T11:09:23.394Z
40026936,4,Total Pérdidas,4301 GASTOS DE VENTAS,4301-21 COSTO PRODUCTO TROZADO,,2026-04-01T00:00:00.000Z,0,9557263,2026-09-24T11:09:23.394Z
40026936,4,Total Pérdidas,4301 GASTOS DE VENTAS,4301-21 COSTO PRODUCTO TROZADO,,2026-05-01T00:00:00.000Z,0,10563897,2026-09-24T11:09:23.394Z
40026936,4,Total Pérdidas,4301 GASTOS DE VENTAS,4301-21 COSTO PRODUCTO TROZADO,,2026-06-01T00:00:00.000Z,0,11295396,2026-09-24T11:09:23.394Z
40026936,4,Total Pérdidas,4301 GASTOS DE VENTAS,4301-21 COSTO PRODUCTO TROZADO,,2026-07-01T00:00:00.000Z,0,15375018,2026-09-24T11:09:23.394Z
40026936,4,Total Pérdidas,4301 GASTOS DE VENTAS,4301-21 COSTO PRODUCTO TROZADO,,2026-08-01T00:00:00.000Z,0,14709526,2026-09-24T11:09:23.394Z
40026937,4,Total Pérdidas,4301 GASTOS DE VENTAS,4301-22 COSTO PRODUCTO PICADO,,2026-01-01T00:00:00.000Z,0,2061353,2026-09-24T11:09:23.394Z
40026937,4,Total Pérdidas,4301 GASTOS DE VENTAS,4301-22 COSTO PRODUCTO PICADO,,2026-02-01T00:00:00.000Z,0,2034771,2026-09-24T11:09:23.394Z
40026937,4,Total Pérdidas,4301 GASTOS DE VENTAS,4301-22 COSTO PRODUCTO PICADO,,2026-03-01T00:00:00.000Z,0,2858087,2026-09-24T11:09:23.394Z
40026937,4,Total Pérdidas,4301 GASTOS DE VENTAS,4301-22 COSTO PRODUCTO PICADO,,2026-04-01T00:00:00.000Z,0,3532794,2026-09-24T11:09:23.394Z
40026937,4,Total Pérdidas,4301 GASTOS DE VENTAS,4301-22 COSTO PRODUCTO PICADO,,2026-05-01T00:00:00.000Z,0,3716829,2026-09-24T11:09:23.394Z
40026937,4,Total Pérdidas,4301 GASTOS DE VENTAS,4301-22 COSTO PRODUCTO PICADO,,2026-06-01T00:00:00.000Z,0,3689811,2026-09-24T11:09:23.394Z
40026937,4,Total Pérdidas,4301 GASTOS DE VENTAS,4301-22 COSTO PRODUCTO PICADO,,2026-07-01T00:00:00.000Z,0,4641211,2026-09-24T11:09:23.394Z
40026937,4,Total Pérdidas,4301 GASTOS DE VENTAS,4301-22 COSTO PRODUCTO PICADO,,2026-08-01T00:00:00.000Z,0,5107399,2026-09-24T11:09:23.394Z
40026938,4,Total Pérdidas,4301 GASTOS DE VENTAS,4301-23 COSTO PRODUCTO CUBO,,2026-01-01T00:00:00.000Z,0,1002776,2026-09-24T11:09:23.394Z
40026938,4,Total Pérdidas,4301 GASTOS DE VENTAS,4301-23 COSTO PRODUCTO CUBO,,2026-02-01T00:00:00.000Z,0,959251,2026-09-24T11:09:23.394Z
40026938,4,Total Pérdidas,4301 GASTOS DE VENTAS,4301-23 COSTO PRODUCTO CUBO,,2026-03-01T00:00:00.000Z,0,1214308,2026-09-24T11:09:23.394Z
40026938,4,Total Pérdidas,4301 GASTOS DE VENTAS,4301-23 COSTO PRODUCTO CUBO,,2026-04-01T00:00:00.000Z,0,1399700,2026-09-24T11:09:23.394Z
40026938,4,Total Pérdidas,4301 GASTOS DE VENTAS,4301-23 COSTO PRODUCTO CUBO,,2026-05-01T00:00:00.000Z,0,1527049,2026-09-24T11:09:23.394Z
40026938,4,Total Pérdidas,4301 GASTOS DE VENTAS,4301-23 COSTO PRODUCTO CUBO,,2026-06-01T00:00:00.000Z,0,1819580,2026-09-24T11:09:23.394Z
40026938,4,Total Pérdidas,4301 GASTOS DE VENTAS,4301-23 COSTO PRODUCTO CUBO,,2026-07-01T00:00:00.000Z,0,2621740,2026-09-24T11:09:23.394Z
40026938,4,Total Pérdidas,4301 GASTOS DE VENTAS,4301-23 COSTO PRODUCTO CUBO,,2026-08-01T00:00:00.000Z,0,2580882,2026-09-24T11:09:23.394Z
40026939,4,Total Pérdidas,4301 GASTOS DE VENTAS,4301-24 MERMAS,,2026-01-01T00:00:00.000Z,0,5576579,2026-09-24T11:09:23.394Z
40026939,4,Total Pérdidas,4301 GASTOS DE VENTAS,4301-24 MERMAS,,2026-02-01T00:00:00.000Z,0,5182908,2026-09-24T11:09:23.394Z
40026939,4,Total Pérdidas,4301 GASTOS DE VENTAS,4301-24 MERMAS,,2026-03-01T00:00:00.000Z,0,8294741,2026-09-24T11:09:23.394Z
40026939,4,Total Pérdidas,4301 GASTOS DE VENTAS,4301-24 MERMAS,,2026-04-01T00:00:00.000Z,0,9717119,2026-09-24T11:09:23.394Z
40026939,4,Total Pérdidas,4301 GASTOS DE VENTAS,4301-24 MERMAS,,2026-05-01T00:00:00.000Z,0,13825890,2026-09-24T11:09:23.394Z
40026939,4,Total Pérdidas,4301 GASTOS DE VENTAS,4301-24 MERMAS,,2026-06-01T00:00:00.000Z,0,11823595,2026-09-24T11:09:23.394Z
40026939,4,Total Pérdidas,4301 GASTOS DE VENTAS,4301-24 MERMAS,,2026-07-01T00:00:00.000Z,0,13375464,2026-09-24T11:09:23.394Z
40026939,4,Total Pérdidas,4301 GASTOS DE VENTAS,4301-24 MERMAS,,2026-08-01T00:00:00.000Z,0,11474610,2026-09-24T11:09:23.394Z
40026942,4,Total Pérdidas,4301 GASTOS DE VENTAS,4301-25 COSTO REMUNERACION PACKING,,2026-01-01T00:00:00.000Z,0,8399207,2026-09-24T11:09:23.394Z
40026942,4,Total Pérdidas,4301 GASTOS DE VENTAS,4301-25 COSTO REMUNERACION PACKING,,2026-02-01T00:00:00.000Z,0,5977390,2026-09-24T11:09:23.394Z
40026942,4,Total Pérdidas,4301 GASTOS DE VENTAS,4301-25 COSTO REMUNERACION PACKING,,2026-03-01T00:00:00.000Z,0,6198171,2026-09-24T11:09:23.394Z
40026942,4,Total Pérdidas,4301 GASTOS DE VENTAS,4301-25 COSTO REMUNERACION PACKING,,2026-04-01T00:00:00.000Z,0,6510968,2026-09-24T11:09:23.394Z
40026942,4,Total Pérdidas,4301 GASTOS DE VENTAS,4301-25 COSTO REMUNERACION PACKING,,2026-05-01T00:00:00.000Z,0,7806034,2026-09-24T11:09:23.394Z
40026942,4,Total Pérdidas,4301 GASTOS DE VENTAS,4301-25 COSTO REMUNERACION PACKING,,2026-06-01T00:00:00.000Z,0,7501854,2026-09-24T11:09:23.394Z
40026942,4,Total Pérdidas,4301 GASTOS DE VENTAS,4301-25 COSTO REMUNERACION PACKING,,2026-07-01T00:00:00.000Z,0,8041675,2026-09-24T11:09:23.394Z
40026942,4,Total Pérdidas,4301 GASTOS DE VENTAS,4301-25 COSTO REMUNERACION PACKING,,2026-08-01T00:00:00.000Z,0,8060093,2026-09-24T11:09:23.394Z
40026981,4,Total Pérdidas,4301 GASTOS DE VENTAS,4301-29 CONTROL DE PLAGAS,,2026-01-01T00:00:00.000Z,0,278284,2026-09-24T11:09:23.394Z
40026981,4,Total Pérdidas,4301 GASTOS DE VENTAS,4301-29 CONTROL DE PLAGAS,,2026-02-01T00:00:00.000Z,0,294615,2026-09-24T11:09:23.394Z
40027024,4,Total Pérdidas,4301 GASTOS DE VENTAS,4301-33 MERMAS BODEGA,,2026-01-01T00:00:00.000Z,0,1046364,2026-09-24T11:09:23.394Z
40027024,4,Total Pérdidas,4301 GASTOS DE VENTAS,4301-33 MERMAS BODEGA,,2026-02-01T00:00:00.000Z,0,683865,2026-09-24T11:09:23.394Z
40027024,4,Total Pérdidas,4301 GASTOS DE VENTAS,4301-33 MERMAS BODEGA,,2026-03-01T00:00:00.000Z,0,2032018,2026-09-24T11:09:23.394Z
40027024,4,Total Pérdidas,4301 GASTOS DE VENTAS,4301-33 MERMAS BODEGA,,2026-04-01T00:00:00.000Z,0,1769711,2026-09-24T11:09:23.394Z
40027024,4,Total Pérdidas,4301 GASTOS DE VENTAS,4301-33 MERMAS BODEGA,,2026-05-01T00:00:00.000Z,0,4272521,2026-09-24T11:09:23.394Z
40027024,4,Total Pérdidas,4301 GASTOS DE VENTAS,4301-33 MERMAS BODEGA,,2026-06-01T00:00:00.000Z,0,7443851,2026-09-24T11:09:23.394Z
40027024,4,Total Pérdidas,4301 GASTOS DE VENTAS,4301-33 MERMAS BODEGA,,2026-07-01T00:00:00.000Z,0,5858200,2026-09-24T11:09:23.394Z
40027024,4,Total Pérdidas,4301 GASTOS DE VENTAS,4301-33 MERMAS BODEGA,,2026-08-01T00:00:00.000Z,0,6334184,2026-09-24T11:09:23.394Z
40025856,4,Total Pérdidas,4401 EGRESOS NO OPERACIONALES,4401-01 INTERESES PAGADOS,,2026-01-01T00:00:00.000Z,0,1753525,2026-09-24T11:09:23.394Z
40025856,4,Total Pérdidas,4401 EGRESOS NO OPERACIONALES,4401-01 INTERESES PAGADOS,,2026-02-01T00:00:00.000Z,0,1599836,2026-09-24T11:09:23.394Z
40025856,4,Total Pérdidas,4401 EGRESOS NO OPERACIONALES,4401-01 INTERESES PAGADOS,,2026-03-01T00:00:00.000Z,0,1283268,2026-09-24T11:09:23.394Z
40025856,4,Total Pérdidas,4401 EGRESOS NO OPERACIONALES,4401-01 INTERESES PAGADOS,,2026-04-01T00:00:00.000Z,0,1224941,2026-09-24T11:09:23.394Z
40025856,4,Total Pérdidas,4401 EGRESOS NO OPERACIONALES,4401-01 INTERESES PAGADOS,,2026-05-01T00:00:00.000Z,0,1228790,2026-09-24T11:09:23.394Z
40025856,4,Total Pérdidas,4401 EGRESOS NO OPERACIONALES,4401-01 INTERESES PAGADOS,,2026-06-01T00:00:00.000Z,0,4104489,2026-09-24T11:09:23.394Z
40025856,4,Total Pérdidas,4401 EGRESOS NO OPERACIONALES,4401-01 INTERESES PAGADOS,,2026-07-01T00:00:00.000Z,0,2100335,2026-09-24T11:09:23.394Z
40025856,4,Total Pérdidas,4401 EGRESOS NO OPERACIONALES,4401-01 INTERESES PAGADOS,,2026-08-01T00:00:00.000Z,0,2058309,2026-09-24T11:09:23.394Z
40025860,4,Total Pérdidas,4404 COSTO VTAS ACTIVO FIJO,4404-01 COSTO VTAS ACTIVO FIJO,,2026-08-01T00:00:00.000Z,0,5868640,2026-09-24T11:09:23.394Z
40025862,4,Total Pérdidas,4405 REAJUSTE CRED. FISCAL,4405-01 REAJUSTE CRED. FISCAL,,2026-01-01T00:00:00.000Z,0,4374,2026-09-24T11:09:23.394Z
40026066,4,Total Pérdidas,4501 CORRECCION MONETARIA,4501-13 DIFERENCIAS DE PAGO,,2026-01-01T00:00:00.000Z,0,803131,2026-09-24T11:09:23.394Z
40026066,4,Total Pérdidas,4501 CORRECCION MONETARIA,4501-13 DIFERENCIAS DE PAGO,,2026-02-01T00:00:00.000Z,0,869960,2026-09-24T11:09:23.394Z
40026066,4,Total Pérdidas,4501 CORRECCION MONETARIA,4501-13 DIFERENCIAS DE PAGO,,2026-03-01T00:00:00.000Z,0,616533,2026-09-24T11:09:23.394Z
40026066,4,Total Pérdidas,4501 CORRECCION MONETARIA,4501-13 DIFERENCIAS DE PAGO,,2026-04-01T00:00:00.000Z,0,766844,2026-09-24T11:09:23.394Z
40026066,4,Total Pérdidas,4501 CORRECCION MONETARIA,4501-13 DIFERENCIAS DE PAGO,,2026-05-01T00:00:00.000Z,0,939211,2026-09-24T11:09:23.394Z
40026066,4,Total Pérdidas,4501 CORRECCION MONETARIA,4501-13 DIFERENCIAS DE PAGO,,2026-06-01T00:00:00.000Z,0,873388,2026-09-24T11:09:23.394Z
40026066,4,Total Pérdidas,4501 CORRECCION MONETARIA,4501-13 DIFERENCIAS DE PAGO,,2026-07-01T00:00:00.000Z,0,131458,2026-09-24T11:09:23.394Z
40026066,4,Total Pérdidas,4501 CORRECCION MONETARIA,4501-13 DIFERENCIAS DE PAGO,,2026-08-01T00:00:00.000Z,0,24510,2026-09-24T11:09:23.394Z
40026271,4,Total Pérdidas,4501 CORRECCION MONETARIA,4501-17 DIFERENCIA DE CAMBIO,,2026-01-01T00:00:00.000Z,0,3052,2026-09-24T11:09:23.394Z
40026271,4,Total Pérdidas,4501 CORRECCION MONETARIA,4501-17 DIFERENCIA DE CAMBIO,,2026-02-01T00:00:00.000Z,0,3,2026-09-24T11:09:23.394Z
40025879,4,Total Pérdidas,4701 IMPUESTO AL LUJO,4701-01 IMPTO PRIMERA CATEGORIA,,2026-04-01T00:00:00.000Z,0,18066210,2026-09-24T11:09:23.394Z
40026961,4,Total Pérdidas,4701 IMPUESTO AL LUJO,4701-04 IMPUESTO ESPECÍFICO DIESEL,,2026-08-01T00:00:00.000Z,0,111139,2026-09-24T11:09:23.394Z
40026962,4,Total Pérdidas,4701 IMPUESTO AL LUJO,4701-05 IMPUESTO ESPECÍFICO GASOLINA,,2026-08-01T00:00:00.000Z,0,126026,2026-09-24T11:09:23.394Z
40027021,4,Total Pérdidas,4701 IMPUESTO AL LUJO,4701-07 REAJUSTE art.72,,2026-04-01T00:00:00.000Z,0,175239,2026-09-24T11:09:23.394Z
